Type,Date,Amount
Retail,5/9/2020,300
Retail,5/9/2020,1000
Retail,5/10/2020,5000
Retail,5/10/2020,700
Retail,5/11/2020,1000
Retail,5/11/2020,1000
Retail,5/11/2020,5050
Retail,5/11/2020,1500
Retail,5/11/2020,140
Retail,5/11/2020,2000
Wholesale,5/11/2020,600
Retail,5/11/2020,2000
Retail,5/11/2020,500
Retail,5/11/2020,1000
Retail,5/11/2020,170
Retail,5/11/2020,500
Retail,5/11/2020,600
Retail,5/11/2020,500
Retail,5/11/2020,1000
Retail,5/11/2020,170
Retail,5/11/2020,1220
Retail,5/11/2020,500
Retail,5/11/2020,500
Retail,5/11/2020,1000
Retail,5/11/2020,500
Retail,5/11/2020,1000
Retail,5/11/2020,500
Retail,5/11/2020,600
Wholesale,5/11/2020,1000
Retail,5/11/2020,1640
Retail,5/11/2020,500
Retail,5/11/2020,1000
Wholesale,5/12/2020,3000
Retail,5/12/2020,1010
Retail,5/12/2020,1000
Wholesale,5/12/2020,2500
Retail,5/12/2020,1000
Retail,5/12/2020,300
Retail,5/12/2020,1000
Retail,5/12/2020,500
Retail,5/12/2020,1000
Wholesale,5/12/2020,5000
Retail,5/12/2020,1000
Retail,5/12/2020,1100
Retail,5/12/2020,1000
Retail,5/12/2020,500
Retail,5/12/2020,100
Retail,5/12/2020,100
Retail,5/12/2020,100
Retail,5/12/2020,1500
Retail,5/12/2020,100
Retail,5/12/2020,100
Retail,5/12/2020,1000
Retail,5/12/2020,305
Retail,5/12/2020,100
Retail,5/12/2020,500
Retail,5/12/2020,1003.95
Retail,5/12/2020,390
Retail,5/12/2020,50
Retail,5/12/2020,1005
Retail,5/12/2020,200
Retail,5/12/2020,500
Retail,5/12/2020,50
Wholesale,5/12/2020,30000
Retail,5/12/2020,400
Retail,5/12/2020,200
Retail,5/12/2020,395
Retail,5/12/2020,1500
Retail,5/12/2020,1000
Retail,5/12/2020,500
Retail,5/12/2020,5000
Retail,5/12/2020,1000
Retail,5/12/2020,500
Retail,5/12/2020,320
Wholesale,5/12/2020,1000
Wholesale,5/12/2020,1100
Retail,5/13/2020,130
Retail,5/13/2020,600
Retail,5/13/2020,500
Wholesale,5/13/2020,5000
Retail,5/13/2020,500
Retail,5/13/2020,5000
Wholesale,5/13/2020,34
Retail,5/13/2020,1000
Retail,5/13/2020,1100
Retail,5/13/2020,100
Retail,5/13/2020,5000
Retail,5/13/2020,1100
Retail,5/13/2020,500
Retail,5/13/2020,500
Retail,5/13/2020,1000
Retail,5/13/2020,1000
Retail,5/13/2020,1500
Retail,5/13/2020,1050
Retail,5/13/2020,300
Retail,5/13/2020,2000
Retail,5/13/2020,100
Retail,5/13/2020,510
Retail,5/13/2020,1100
Retail,5/13/2020,200
Retail,5/13/2020,505
Retail,5/13/2020,1500
Retail,5/13/2020,1100
Retail,5/13/2020,1000
Retail,5/13/2020,5000
Retail,5/13/2020,500
Retail,5/13/2020,50
Wholesale,5/13/2020,2000
Retail,5/13/2020,305
Retail,5/13/2020,1000
Retail,5/13/2020,2000
Retail,5/13/2020,1000
Retail,5/13/2020,570
Retail,5/13/2020,5000
Retail,5/13/2020,300
Retail,5/13/2020,500
Retail,5/13/2020,1840
Retail,5/13/2020,1000
Retail,5/13/2020,1000
Retail,5/13/2020,5005
Retail,5/13/2020,620
Retail,5/13/2020,525
Retail,5/13/2020,300
Retail,5/14/2020,5175
Retail,5/14/2020,125
Retail,5/14/2020,700
Retail,5/14/2020,300
Retail,5/14/2020,1000
Retail,5/14/2020,500
Retail,5/14/2020,1050
Retail,5/14/2020,500
Retail,5/14/2020,1000
Retail,5/14/2020,270
Retail,5/14/2020,1000
Retail,5/14/2020,500
Retail,5/14/2020,405
Retail,5/14/2020,500
Retail,5/14/2020,220
Retail,5/14/2020,120
Retail,5/14/2020,1020
Retail,5/14/2020,225
Retail,5/14/2020,520
Wholesale,5/14/2020,737.5
Wholesale,5/14/2020,180
Retail,5/14/2020,500
Retail,5/14/2020,1050
Retail,5/14/2020,180
Retail,5/14/2020,50
Retail,5/14/2020,510
Wholesale,5/14/2020,320
Retail,5/14/2020,120
Retail,5/14/2020,500
Retail,5/14/2020,1000
Retail,5/14/2020,5100
Retail,5/14/2020,1000
Retail,5/14/2020,515
Retail,5/14/2020,200
Retail,5/14/2020,100
Retail,5/14/2020,500
Retail,5/14/2020,420
Retail,5/14/2020,400
Retail,5/14/2020,500
Retail,5/14/2020,1000
Retail,5/14/2020,300
Retail,5/14/2020,100
Retail,5/14/2020,1362.25
Retail,5/14/2020,5001
Retail,5/14/2020,100
Retail,5/14/2020,1000
Retail,5/14/2020,500
Wholesale,5/14/2020,200
Retail,5/14/2020,505
Retail,5/14/2020,500
Retail,5/14/2020,1000
Retail,5/14/2020,1000
Wholesale,5/14/2020,1700
Retail,5/15/2020,500
Retail,5/15/2020,1000
Retail,5/15/2020,5000
Retail,5/15/2020,1005
Retail,5/15/2020,500
Retail,5/15/2020,390
Retail,5/15/2020,1000
Retail,5/15/2020,500
Retail,5/15/2020,500
Retail,5/15/2020,500
Retail,5/15/2020,250
Retail,5/15/2020,1000
Retail,5/15/2020,270
Retail,5/15/2020,500
Retail,5/15/2020,60
Retail,5/15/2020,1000
Retail,5/15/2020,500
Retail,5/15/2020,100
Retail,5/15/2020,460
Retail,5/15/2020,500
Wholesale,5/15/2020,631.25
Wholesale,5/15/2020,2100
Wholesale,5/15/2020,73.5
Wholesale,5/15/2020,8750
Retail,5/15/2020,1000
Retail,5/15/2020,1020
Retail,5/15/2020,1500
Retail,5/15/2020,1120
Retail,5/15/2020,140
Retail,5/15/2020,100
Retail,5/15/2020,1240
Retail,5/15/2020,1000
Retail,5/15/2020,1000
Retail,5/15/2020,1007
Retail,5/15/2020,500
Retail,5/15/2020,500
Retail,5/15/2020,600
Retail,5/15/2020,200
Retail,5/15/2020,300
Retail,5/15/2020,1000
Retail,5/15/2020,2000
Retail,5/15/2020,1000
Retail,5/15/2020,1000
Retail,5/15/2020,1000
Retail,5/15/2020,1000
Retail,5/15/2020,1000
Retail,5/15/2020,200
Retail,5/15/2020,325
Retail,5/15/2020,270
Retail,5/15/2020,505
Wholesale,5/15/2020,2300
Retail,5/15/2020,200
Wholesale,5/15/2020,100
Wholesale,5/15/2020,40
Retail,5/15/2020,500
Retail,5/15/2020,500
Retail,5/15/2020,200
Retail,5/15/2020,100
Retail,5/15/2020,1000
Retail,5/15/2020,540
Retail,5/15/2020,1200
Retail,5/16/2020,150
Retail,5/16/2020,450
Retail,5/16/2020,900
Retail,5/16/2020,750
Retail,5/16/2020,1000
Retail,5/16/2020,350
Retail,5/16/2020,500
Retail,5/16/2020,1000
Retail,5/16/2020,250
Retail,5/16/2020,1005
Retail,5/16/2020,550
Retail,5/16/2020,510
Retail,5/16/2020,500
Retail,5/16/2020,160
Retail,5/16/2020,55
Retail,5/16/2020,500
Retail,5/16/2020,1000
Retail,5/16/2020,1020
Retail,5/16/2020,500
Retail,5/16/2020,500
Retail,5/16/2020,500
Retail,5/16/2020,1000
Retail,5/16/2020,500
Retail,5/16/2020,1500
Retail,5/16/2020,5050
Retail,5/16/2020,600
Retail,5/16/2020,600
Retail,5/16/2020,220
Retail,5/16/2020,5035
Retail,5/16/2020,1000
Retail,5/16/2020,1005
Retail,5/16/2020,500
Wholesale,5/16/2020,1000
Retail,5/16/2020,1000
Retail,5/16/2020,500
Retail,5/16/2020,500
Wholesale,5/16/2020,1000
Retail,5/16/2020,100
Retail,5/16/2020,1000
Retail,5/16/2020,5290
Retail,5/16/2020,1000
Retail,5/16/2020,1005
Retail,5/16/2020,1505
Retail,5/16/2020,500
Retail,5/16/2020,1600
Retail,5/16/2020,550
Wholesale,5/16/2020,7000
Wholesale,5/16/2020,7000
Wholesale,5/16/2020,9147
Wholesale,5/16/2020,1150
Retail,5/16/2020,300
Retail,5/16/2020,500
Wholesale,5/16/2020,1000
Retail,5/16/2020,1000
Retail,5/16/2020,500
Retail,5/16/2020,100
Retail,5/16/2020,1000
Retail,5/16/2020,1000
Retail,5/16/2020,500
Retail,5/16/2020,490
Retail,5/16/2020,1500
Retail,5/18/2020,1050
Retail,5/18/2020,1000
Retail,5/18/2020,1000
Retail,5/18/2020,20
Retail,5/18/2020,1000
Retail,5/18/2020,80
Retail,5/18/2020,500
Retail,5/18/2020,55
Retail,5/18/2020,400
Retail,5/18/2020,45
Wholesale,5/18/2020,560
Retail,5/18/2020,500
Retail,5/18/2020,270
Retail,5/18/2020,1200
Wholesale,5/18/2020,9100
Retail,5/18/2020,205
Retail,5/18/2020,500
Retail,5/18/2020,70
Retail,5/18/2020,2000
Retail,5/18/2020,1000
Retail,5/18/2020,1100
Retail,5/18/2020,2000
Retail,5/18/2020,395
Retail,5/18/2020,600
Retail,5/18/2020,10
Retail,5/18/2020,5
Retail,5/18/2020,1000
Retail,5/18/2020,250
Retail,5/18/2020,2000
Retail,5/18/2020,500
Retail,5/18/2020,30
Retail,5/18/2020,1040
Retail,5/18/2020,50
Retail,5/18/2020,1100
Retail,5/18/2020,1050
Retail,5/18/2020,500
Retail,5/18/2020,55
Retail,5/18/2020,1500
Retail,5/18/2020,300
Retail,5/18/2020,200
Retail,5/18/2020,1000
Retail,5/18/2020,2000
Retail,5/18/2020,1200
Retail,5/18/2020,500
Retail,5/18/2020,100
Retail,5/18/2020,5100
Retail,5/18/2020,1000
Retail,5/18/2020,1000
Retail,5/18/2020,200
Retail,5/18/2020,1200
Retail,5/18/2020,100
Retail,5/18/2020,500
Retail,5/18/2020,500
Retail,5/18/2020,495
Retail,5/18/2020,500
Retail,5/18/2020,1000
Retail,5/18/2020,1015
Retail,5/18/2020,500
Retail,5/18/2020,1000
Retail,5/18/2020,5030
Retail,5/18/2020,510
Retail,5/18/2020,1035
Retail,5/18/2020,190
Retail,5/18/2020,500
Wholesale,5/18/2020,2200
Retail,5/18/2020,150
Retail,5/18/2020,102
Retail,5/18/2020,700
Retail,5/18/2020,30
Retail,5/18/2020,1570
Retail,5/18/2020,1000
Retail,5/18/2020,1040
Retail,5/18/2020,103
Retail,5/18/2020,1000
Retail,5/18/2020,2400
Retail,5/18/2020,1001
Retail,5/18/2020,100
Retail,5/18/2020,320
Wholesale,5/18/2020,1000
Retail,5/18/2020,2000
Retail,5/18/2020,210
Retail,5/18/2020,1300
Retail,5/18/2020,5600
Retail,5/18/2020,500
Retail,5/18/2020,1000
Retail,5/18/2020,20
Retail,5/18/2020,1000
Retail,5/18/2020,1000
Retail,5/18/2020,1130
Retail,5/18/2020,73
Retail,5/18/2020,250
Retail,5/18/2020,300
Retail,5/18/2020,120
Retail,5/18/2020,100
Retail,5/18/2020,1000
Retail,5/18/2020,1000
Retail,5/18/2020,36
Retail,5/18/2020,1000
Wholesale,5/18/2020,500
Retail,5/18/2020,30
Wholesale,5/18/2020,52
Retail,5/18/2020,670
Retail,5/18/2020,200
Retail,5/18/2020,100
Retail,5/18/2020,1000
Retail,5/18/2020,200
RetailReturn,5/18/2020,780
RetailReturn,5/18/2020,1200
RetailReturn,5/18/2020,660
RetailReturn,5/18/2020,653
Wholesale,5/19/2020,3080
Retail,5/19/2020,50
Retail,5/19/2020,500
Retail,5/19/2020,210
Retail,5/19/2020,20
Retail,5/19/2020,235
Retail,5/19/2020,100
Retail,5/19/2020,100
Retail,5/19/2020,9
Retail,5/19/2020,400
Retail,5/19/2020,4000
Retail,5/19/2020,1154
Retail,5/19/2020,225
Retail,5/19/2020,70
RetailReturn,5/19/2020,355
Retail,5/19/2020,1000
Retail,5/19/2020,8
Retail,5/19/2020,300
Retail,5/19/2020,400
Retail,5/19/2020,725
Wholesale,5/19/2020,202
Retail,5/19/2020,300
Wholesale,5/19/2020,2000
Retail,5/19/2020,1060
Retail,5/19/2020,500
Wholesale,5/19/2020,1000
Retail,5/19/2020,120
Retail,5/19/2020,1000
Retail,5/19/2020,1500
Retail,5/19/2020,100
Retail,5/19/2020,500
Retail,5/19/2020,1000
Retail,5/19/2020,120
Retail,5/19/2020,1100
Retail,5/19/2020,520
Retail,5/19/2020,500
Wholesale,5/19/2020,100
Retail,5/19/2020,20
Retail,5/19/2020,1000
Retail,5/19/2020,105
Retail,5/19/2020,100
Retail,5/19/2020,200
Retail,5/19/2020,1000
Wholesale,5/19/2020,1030
Retail,5/19/2020,310
Retail,5/19/2020,500
Retail,5/19/2020,75
Retail,5/19/2020,1120
Retail,5/19/2020,500
Retail,5/19/2020,500
Retail,5/19/2020,320
Retail,5/19/2020,1500
Retail,5/19/2020,600
Retail,5/19/2020,500
Retail,5/19/2020,50
Retail,5/19/2020,50
Retail,5/19/2020,200
Retail,5/19/2020,510
Retail,5/19/2020,1005
Retail,5/19/2020,50
Retail,5/19/2020,200
Retail,5/19/2020,620
Retail,5/19/2020,30
Retail,5/19/2020,245
Retail,5/19/2020,200
Retail,5/19/2020,1000
Retail,5/19/2020,300
Retail,5/19/2020,50
Retail,5/19/2020,520
Retail,5/19/2020,200
Retail,5/19/2020,1000
Retail,5/19/2020,98
Retail,5/19/2020,350
Retail,5/19/2020,1000
Retail,5/19/2020,1000
Retail,5/19/2020,50
Retail,5/19/2020,1000
RetailReturn,5/19/2020,145
RetailReturn,5/19/2020,145
RetailReturn,5/19/2020,145
RetailReturn,5/19/2020,145
RetailReturn,5/19/2020,50
Retail,5/19/2020,540
Retail,5/20/2020,100
Retail,5/20/2020,8
Retail,5/20/2020,149
Retail,5/20/2020,590
Wholesale,5/20/2020,200
Retail,5/20/2020,100
Wholesale,5/20/2020,550
Retail,5/20/2020,2000
Retail,5/20/2020,150
Retail,5/20/2020,1005
Retail,5/20/2020,150
Retail,5/20/2020,15
Retail,5/20/2020,500
Retail,5/20/2020,500
Retail,5/20/2020,130
Retail,5/20/2020,100
Retail,5/20/2020,50
Retail,5/20/2020,1000
Retail,5/20/2020,34
Retail,5/20/2020,50
Retail,5/20/2020,1000
Retail,5/20/2020,40
Retail,5/20/2020,270
Retail,5/20/2020,365
Retail,5/20/2020,500
Retail,5/20/2020,400
Retail,5/20/2020,1040
Retail,5/20/2020,500
Retail,5/20/2020,500
Retail,5/20/2020,100
Retail,5/20/2020,500
Retail,5/20/2020,10
Retail,5/20/2020,410
Retail,5/20/2020,1000
Wholesale,5/20/2020,2000
Retail,5/20/2020,1020
Retail,5/20/2020,270
Retail,5/20/2020,675
Retail,5/20/2020,200
Retail,5/20/2020,325
Retail,5/20/2020,100
Retail,5/20/2020,50
Retail,5/20/2020,500
Retail,5/20/2020,500
Retail,5/20/2020,100
Retail,5/20/2020,500
Retail,5/20/2020,500
Retail,5/20/2020,1015
Retail,5/20/2020,120
Retail,5/20/2020,500
Wholesale,5/20/2020,3151
Retail,5/20/2020,20
Retail,5/20/2020,400
Retail,5/20/2020,1000
Retail,5/20/2020,1000
Retail,5/20/2020,1201
Retail,5/20/2020,100
Retail,5/20/2020,2000
Retail,5/20/2020,40
Retail,5/20/2020,164
Retail,5/20/2020,500
Retail,5/20/2020,3000
Retail,5/20/2020,160
Retail,5/20/2020,40
Retail,5/20/2020,140
Retail,5/20/2020,600
Retail,5/20/2020,1700
Retail,5/20/2020,1000
Retail,5/20/2020,387
Retail,5/20/2020,1000
Retail,5/20/2020,349
Retail,5/20/2020,1000
Retail,5/20/2020,500
Retail,5/20/2020,50
Retail,5/20/2020,1020
Retail,5/20/2020,1000
Retail,5/20/2020,1000
Retail,5/20/2020,60
Retail,5/20/2020,50
Retail,5/20/2020,200
Retail,5/20/2020,725
Retail,5/20/2020,60
Retail,5/20/2020,200
Retail,5/20/2020,220
Retail,5/20/2020,79
Retail,5/20/2020,500
Retail,5/20/2020,250
Retail,5/20/2020,1000
Retail,5/20/2020,1000
Retail,5/20/2020,500
Retail,5/20/2020,20
Wholesale,5/20/2020,100
Retail,5/20/2020,1000
Retail,5/20/2020,600
Retail,5/20/2020,50
Retail,5/20/2020,1050
Retail,5/20/2020,18
Retail,5/20/2020,1000
Retail,5/20/2020,50
Retail,5/20/2020,400
Retail,5/20/2020,1000
Retail,5/20/2020,50
Retail,5/20/2020,130
Retail,5/20/2020,100
Retail,5/20/2020,500
Retail,5/20/2020,500
Retail,5/20/2020,50
Retail,5/20/2020,200
Retail,5/20/2020,100
Retail,5/20/2020,1100
Retail,5/21/2020,100
Retail,5/21/2020,560
Retail,5/21/2020,60
Retail,5/21/2020,500
Retail,5/21/2020,60
Retail,5/21/2020,20
Retail,5/21/2020,47
Wholesale,5/21/2020,100
Retail,5/21/2020,1000
Retail,5/21/2020,1120
Retail,5/21/2020,20
Retail,5/21/2020,5080
Retail,5/21/2020,190
Retail,5/21/2020,52
Retail,5/21/2020,120
Retail,5/21/2020,120
Retail,5/21/2020,5
Retail,5/21/2020,500
Wholesale,5/21/2020,11500
Retail,5/21/2020,115
Retail,5/21/2020,100
Retail,5/21/2020,100
Retail,5/21/2020,100
Retail,5/21/2020,165
Retail,5/21/2020,1600
Retail,5/21/2020,1000
Retail,5/21/2020,1010
Retail,5/21/2020,170
Retail,5/21/2020,165
Retail,5/21/2020,350
Retail,5/21/2020,10
Retail,5/21/2020,5
Retail,5/21/2020,160
Retail,5/21/2020,5
Retail,5/21/2020,40
Retail,5/21/2020,250
Retail,5/21/2020,40
Retail,5/21/2020,500
Retail,5/21/2020,205
Retail,5/21/2020,140
Retail,5/21/2020,500
Retail,5/21/2020,1020
Retail,5/21/2020,1000
Wholesale,5/21/2020,900
Wholesale,5/21/2020,900
Retail,5/21/2020,1300
Retail,5/21/2020,200
Retail,5/21/2020,1100
Retail,5/21/2020,100
Retail,5/21/2020,5000
Wholesale,5/21/2020,1001
Retail,5/21/2020,200
Retail,5/21/2020,1080
Retail,5/21/2020,220
Retail,5/21/2020,1005
Retail,5/21/2020,125
Retail,5/21/2020,100
Retail,5/21/2020,40
Retail,5/21/2020,1000
Retail,5/21/2020,5000
Retail,5/21/2020,500
Retail,5/21/2020,198
Retail,5/21/2020,100
Retail,5/21/2020,100
Retail,5/21/2020,30
Retail,5/21/2020,1000
Retail,5/21/2020,170
Retail,5/21/2020,1400
Retail,5/21/2020,201
Retail,5/21/2020,40
Wholesale,5/21/2020,25
Retail,5/21/2020,620
Retail,5/21/2020,150
Retail,5/21/2020,1000
Retail,5/21/2020,1000
Retail,5/21/2020,120
Retail,5/21/2020,300
Retail,5/21/2020,100
Retail,5/21/2020,305
Retail,5/21/2020,200
Retail,5/21/2020,100
Retail,5/21/2020,500
Retail,5/21/2020,80
Retail,5/21/2020,300
Retail,5/21/2020,20
Retail,5/21/2020,550
Retail,5/21/2020,780
RetailReturn,5/21/2020,390
Retail,5/21/2020,70
Retail,5/21/2020,500
Retail,5/21/2020,145
Retail,5/21/2020,500
Retail,5/21/2020,70
Retail,5/21/2020,260
Retail,5/21/2020,2000
Retail,5/21/2020,1000
Retail,5/21/2020,100
Retail,5/21/2020,100
Retail,5/21/2020,40
Retail,5/21/2020,30
Retail,5/21/2020,150
Retail,5/21/2020,500
Retail,5/21/2020,1000
Retail,5/21/2020,500
Retail,5/21/2020,290
Retail,5/21/2020,10
Retail,5/21/2020,520
Retail,5/21/2020,250
Retail,5/21/2020,705
Retail,5/21/2020,150
Wholesale,5/22/2020,1050
Wholesale,5/22/2020,200
Retail,5/22/2020,390
Retail,5/22/2020,50
Wholesale,5/22/2020,3100
Retail,5/22/2020,40
Retail,5/22/2020,10
Retail,5/22/2020,5
Retail,5/22/2020,45
Retail,5/22/2020,300
Retail,5/22/2020,3000
Retail,5/22/2020,150
Retail,5/22/2020,500
Retail,5/22/2020,270
Retail,5/22/2020,250
Retail,5/22/2020,200
Retail,5/22/2020,50
Retail,5/22/2020,5000
Retail,5/22/2020,90
Retail,5/22/2020,2055
Retail,5/22/2020,200
Retail,5/22/2020,500
Retail,5/22/2020,1000
Retail,5/22/2020,500
Retail,5/22/2020,1000
Retail,5/22/2020,1000
Retail,5/22/2020,1100
Retail,5/22/2020,260
Retail,5/22/2020,1000
Retail,5/22/2020,732
Retail,5/22/2020,500
Retail,5/22/2020,300
Wholesale,5/22/2020,2000
Wholesale,5/22/2020,300
Retail,5/22/2020,100
Retail,5/22/2020,558
Retail,5/22/2020,100
Retail,5/22/2020,1270
Retail,5/22/2020,585
Retail,5/22/2020,500
RetailReturn,5/22/2020,315
Retail,5/22/2020,5
Retail,5/22/2020,20
Retail,5/22/2020,10
Retail,5/22/2020,30
Retail,5/22/2020,500
Retail,5/22/2020,20
Retail,5/22/2020,200
Wholesale,5/22/2020,70
Retail,5/22/2020,1000
Retail,5/22/2020,80
Retail,5/22/2020,1100
Retail,5/22/2020,1040
Retail,5/22/2020,90
Retail,5/22/2020,300
Retail,5/22/2020,1000
Retail,5/22/2020,50
Retail,5/22/2020,636
Retail,5/22/2020,50
Retail,5/22/2020,1002
Retail,5/22/2020,275
Retail,5/22/2020,100
Retail,5/22/2020,1200
Retail,5/22/2020,230
Retail,5/22/2020,1000
Retail,5/22/2020,20
Retail,5/22/2020,140
Retail,5/22/2020,50
Retail,5/22/2020,505
Retail,5/22/2020,1000
Retail,5/22/2020,200
Retail,5/22/2020,18
Retail,5/22/2020,360
Retail,5/22/2020,30
Retail,5/22/2020,1000
Retail,5/22/2020,1250
Retail,5/22/2020,500
Retail,5/22/2020,300
Retail,5/22/2020,1000
Retail,5/22/2020,1000
Retail,5/22/2020,50
Wholesale,5/22/2020,1500
Retail,5/22/2020,200
Retail,5/22/2020,15
Retail,5/22/2020,5
Retail,5/22/2020,50
Retail,5/22/2020,5000
Retail,5/22/2020,1000
Retail,5/22/2020,500
Retail,5/22/2020,1000
Retail,5/22/2020,520
Retail,5/22/2020,250
Retail,5/22/2020,505
Retail,5/22/2020,145
Retail,5/22/2020,200
Wholesale,5/22/2020,1000
Retail,5/22/2020,500
Retail,5/22/2020,145
Retail,5/22/2020,385
Retail,5/22/2020,1020
Retail,5/22/2020,1000
Retail,5/22/2020,300
Retail,5/22/2020,700
Retail,5/22/2020,550
Retail,5/22/2020,2251
Retail,5/22/2020,500
Retail,5/22/2020,98
Retail,5/22/2020,370
Retail,5/22/2020,210
Retail,5/22/2020,15
Retail,5/22/2020,500
Retail,5/22/2020,220
Wholesale,5/22/2020,200
Retail,5/22/2020,5000
Wholesale,5/22/2020,45
Retail,5/22/2020,210
Retail,5/22/2020,1000
Retail,5/22/2020,40
Retail,5/22/2020,135
Retail,5/22/2020,12
Retail,5/22/2020,1000
Retail,5/22/2020,1000
Retail,5/22/2020,5005
Retail,5/22/2020,500
Retail,5/22/2020,1020
Retail,5/22/2020,400
Retail,5/22/2020,500
Retail,5/22/2020,100
Retail,5/22/2020,50
Retail,5/22/2020,700
Retail,5/23/2020,50
Retail,5/23/2020,210
Retail,5/23/2020,1000
Retail,5/23/2020,500
Retail,5/23/2020,20
Retail,5/23/2020,345
Retail,5/23/2020,1000
Retail,5/23/2020,5000
Retail,5/23/2020,415
Retail,5/23/2020,100
Retail,5/23/2020,1025
Retail,5/23/2020,1000
Retail,5/23/2020,55
Retail,5/23/2020,500
Wholesale,5/23/2020,5000
Retail,5/23/2020,1000
Retail,5/23/2020,1000
Retail,5/23/2020,605
Retail,5/23/2020,100
Retail,5/23/2020,500
Retail,5/23/2020,20
Retail,5/23/2020,1000
Retail,5/23/2020,40
Retail,5/23/2020,1020
Retail,5/23/2020,500
Retail,5/23/2020,2000
Retail,5/23/2020,1000
Retail,5/23/2020,160
Retail,5/23/2020,130
Retail,5/23/2020,170
Retail,5/23/2020,500
Retail,5/23/2020,500
Retail,5/23/2020,720
Retail,5/23/2020,70
Retail,5/23/2020,530
Retail,5/23/2020,830
Retail,5/23/2020,1000
Retail,5/23/2020,240
Retail,5/23/2020,100
Retail,5/23/2020,700
Retail,5/23/2020,500
Retail,5/23/2020,55
Retail,5/23/2020,1020
Retail,5/23/2020,50
Retail,5/23/2020,2000
Retail,5/23/2020,200
Retail,5/23/2020,500
Retail,5/23/2020,1015
Retail,5/23/2020,1000
Retail,5/23/2020,100
Retail,5/23/2020,90
Retail,5/23/2020,500
Retail,5/23/2020,5000
Wholesale,5/23/2020,202
Retail,5/23/2020,825
Retail,5/23/2020,2000
Retail,5/23/2020,100
Retail,5/23/2020,1015
Retail,5/23/2020,300
Retail,5/23/2020,1020
Wholesale,5/23/2020,1050
Retail,5/23/2020,255
Retail,5/23/2020,350
Retail,5/23/2020,210
Retail,5/23/2020,20
Retail,5/23/2020,30
Retail,5/23/2020,200
Retail,5/23/2020,1115
Wholesale,5/23/2020,850
Retail,5/23/2020,300
Retail,5/23/2020,35
Retail,5/23/2020,400
Retail,5/23/2020,200
Retail,5/23/2020,315
Retail,5/23/2020,180
Retail,5/23/2020,500
Retail,5/23/2020,1000
Retail,5/23/2020,45
Retail,5/23/2020,40
Retail,5/23/2020,1000
Retail,5/23/2020,1010
Retail,5/23/2020,45
Retail,5/23/2020,5130
Retail,5/23/2020,50
Retail,5/23/2020,400
Retail,5/23/2020,1010
Retail,5/23/2020,500
Retail,5/23/2020,1090
Wholesale,5/23/2020,2000
Retail,5/23/2020,1000
Retail,5/23/2020,80
Retail,5/23/2020,1000
Retail,5/23/2020,12
Wholesale,5/23/2020,502
Retail,5/23/2020,1400
Retail,5/23/2020,200
Retail,5/23/2020,900
Retail,5/23/2020,50
Retail,5/23/2020,50
Retail,5/23/2020,40
Retail,5/23/2020,2000
Retail,5/23/2020,100
Retail,5/23/2020,200
Retail,5/23/2020,800
Retail,5/23/2020,450
Retail,5/23/2020,1000
Retail,5/23/2020,200
Retail,5/23/2020,5000
Wholesale,5/23/2020,2000
Retail,5/26/2020,45
Retail,5/26/2020,150
Retail,5/26/2020,130
Retail,5/26/2020,20
Retail,5/26/2020,400
Retail,5/26/2020,1030
Retail,5/26/2020,1000
Retail,5/26/2020,120
Retail,5/26/2020,20
Retail,5/26/2020,20
Retail,5/26/2020,50
Retail,5/26/2020,80
Retail,5/26/2020,50
Retail,5/26/2020,5000
Retail,5/26/2020,500
Retail,5/26/2020,300
Retail,5/26/2020,240
Retail,5/26/2020,1500
Retail,5/26/2020,110
Wholesale,5/26/2020,600
Retail,5/26/2020,1050
Wholesale,5/26/2020,3020
Retail,5/26/2020,100
Retail,5/26/2020,500
Wholesale,5/26/2020,500
Retail,5/26/2020,170
Retail,5/26/2020,50
Retail,5/26/2020,100
Retail,5/26/2020,100
Retail,5/26/2020,1020
Retail,5/26/2020,1000
Retail,5/26/2020,140
Retail,5/26/2020,90
Retail,5/26/2020,150
Retail,5/26/2020,5000
Retail,5/26/2020,1000
Retail,5/26/2020,300
Retail,5/26/2020,100
Retail,5/26/2020,500
Retail,5/26/2020,450
Retail,5/26/2020,2000
Retail,5/26/2020,100
Retail,5/26/2020,1000
Retail,5/26/2020,120
Retail,5/26/2020,110
Retail,5/26/2020,192
Retail,5/26/2020,1000
Retail,5/26/2020,150
Retail,5/26/2020,3000
Retail,5/26/2020,300
Retail,5/26/2020,80
Retail,5/26/2020,300
Retail,5/26/2020,250
Retail,5/26/2020,500
Retail,5/26/2020,2000
Retail,5/26/2020,1000
Retail,5/26/2020,397
Retail,5/26/2020,1700
Retail,5/26/2020,1300
Retail,5/26/2020,190
Retail,5/26/2020,1500
Retail,5/26/2020,2000
Retail,5/26/2020,100
Retail,5/26/2020,445
Retail,5/26/2020,100
Retail,5/26/2020,50
Retail,5/26/2020,1005
Retail,5/26/2020,50
Retail,5/26/2020,1250
Retail,5/26/2020,500
Retail,5/26/2020,500
Retail,5/26/2020,200
Retail,5/26/2020,140
Retail,5/26/2020,1000
RetailVisaCredit,5/26/2020,1407.6
Retail,5/26/2020,490
Retail,5/26/2020,1005
Retail,5/26/2020,420
Retail,5/26/2020,1200
Retail,5/26/2020,100
Retail,5/26/2020,20
Retail,5/26/2020,500
Retail,5/26/2020,505
Retail,5/26/2020,1000
Retail,5/26/2020,100
Retail,5/26/2020,200
Retail,5/26/2020,1000
Retail,5/26/2020,500
Retail,5/26/2020,500
Retail,5/26/2020,1000
Retail,5/26/2020,500
Retail,5/26/2020,5600
Retail,5/26/2020,500
Retail,5/26/2020,1000
Retail,5/26/2020,550
Retail,5/26/2020,100
Retail,5/26/2020,180
Retail,5/26/2020,70
Retail,5/26/2020,150
Retail,5/26/2020,1000
Retail,5/26/2020,80
Retail,5/26/2020,5040
Retail,5/26/2020,70
Retail,5/26/2020,30
Retail,5/26/2020,2040
Retail,5/26/2020,865
Retail,5/26/2020,378
Retail,5/26/2020,105
Retail,5/26/2020,8.75
Retail,5/26/2020,1005
Retail,5/26/2020,500
Retail,5/26/2020,1000
Retail,5/26/2020,170
Wholesale,5/26/2020,1000
Retail,5/26/2020,100
Retail,5/26/2020,1000
Retail,5/26/2020,100
Retail,5/26/2020,100
Retail,5/26/2020,500
Retail,5/26/2020,70
Retail,5/26/2020,300
Retail,5/26/2020,100
Retail,5/26/2020,700
Retail,5/26/2020,50
Retail,5/26/2020,9
Retail,5/26/2020,500
Retail,5/26/2020,1000
Retail,5/26/2020,1000
Retail,5/26/2020,400
Retail,5/26/2020,60
Retail,5/26/2020,520
Retail,5/26/2020,100
Retail,5/26/2020,40
Retail,5/26/2020,60
Wholesale,5/26/2020,3430
Retail,5/26/2020,800
Retail,5/26/2020,390
Retail,5/26/2020,45
Retail,5/26/2020,25
Retail,5/26/2020,20
Retail,5/26/2020,1000
Retail,5/26/2020,15
Retail,5/26/2020,1500
Retail,5/26/2020,530
Retail,5/26/2020,790
Retail,5/26/2020,25
Retail,5/26/2020,5
Retail,5/26/2020,15
Retail,5/26/2020,350
Retail,5/26/2020,1000
Retail,5/26/2020,900
Retail,5/26/2020,1000
Retail,5/26/2020,100
Retail,5/26/2020,550
Retail,5/26/2020,60
Retail,5/26/2020,500
Retail,5/26/2020,1000
Retail,5/26/2020,100
Retail,5/26/2020,50
Retail,5/26/2020,500
Retail,5/26/2020,100
Retail,5/26/2020,100
Retail,5/26/2020,1000
Retail,5/26/2020,150
Retail,5/26/2020,100
Retail,5/26/2020,50
Retail,5/26/2020,20
Retail,5/26/2020,150
Retail,5/26/2020,40
Retail,5/26/2020,10
Wholesale,5/26/2020,100
Retail,5/26/2020,300
Retail,5/26/2020,5005
Retail,5/26/2020,1000
Retail,5/26/2020,40
Retail,5/26/2020,10
Retail,5/26/2020,1000
Retail,5/26/2020,1015
Retail,5/26/2020,1000
Retail,5/26/2020,100
Retail,5/26/2020,500
Retail,5/26/2020,25
Retail,5/26/2020,90
Retail,5/26/2020,50
Retail,5/26/2020,200
Retail,5/27/2020,50
Retail,5/27/2020,150
Wholesale,5/27/2020,10
Retail,5/27/2020,500
Retail,5/27/2020,100
Retail,5/27/2020,2000
Retail,5/27/2020,50
Retail,5/27/2020,15
Retail,5/27/2020,250
Retail,5/27/2020,240
Retail,5/27/2020,120
Retail,5/27/2020,105
Retail,5/27/2020,502
Retail,5/27/2020,125
Retail,5/27/2020,5065
Retail,5/27/2020,198
Retail,5/27/2020,120
Retail,5/27/2020,500
Retail,5/27/2020,1000
Retail,5/27/2020,16
Wholesale,5/27/2020,200
Retail,5/27/2020,70
Retail,5/27/2020,20
Retail,5/27/2020,500
Retail,5/27/2020,2000
Retail,5/27/2020,7.5
Retail,5/27/2020,1000
Retail,5/27/2020,1250
Retail,5/27/2020,178
Retail,5/27/2020,525
Wholesale,5/27/2020,1000
Retail,5/27/2020,1000
Retail,5/27/2020,500
Retail,5/27/2020,1000
Retail,5/27/2020,305
Retail,5/27/2020,1000
Wholesale,5/27/2020,5000
Retail,5/27/2020,200
Retail,5/27/2020,200
Retail,5/27/2020,100
Retail,5/27/2020,520
Retail,5/27/2020,500
Retail,5/27/2020,100
Retail,5/27/2020,400
Retail,5/27/2020,510
Retail,5/27/2020,140
Retail,5/27/2020,110
Retail,5/27/2020,10
Retail,5/27/2020,1000
Retail,5/27/2020,400
Retail,5/27/2020,120
Retail,5/27/2020,50
Retail,5/27/2020,200
Retail,5/27/2020,255
Retail,5/27/2020,25
Retail,5/27/2020,140
Retail,5/27/2020,110
Retail,5/27/2020,165
Retail,5/27/2020,200
Retail,5/27/2020,40
Retail,5/27/2020,30
Retail,5/27/2020,30
Retail,5/27/2020,91
Retail,5/27/2020,1100
Retail,5/27/2020,220
Retail,5/27/2020,102
Retail,5/27/2020,510
Retail,5/27/2020,1510
Retail,5/27/2020,1000
Retail,5/27/2020,1133
Retail,5/27/2020,5
Retail,5/27/2020,220
Retail,5/27/2020,100
Retail,5/27/2020,5000
Retail,5/27/2020,1000
Retail,5/27/2020,68
Retail,5/27/2020,99.75
Retail,5/27/2020,1000
Retail,5/27/2020,500
Retail,5/27/2020,500
Retail,5/27/2020,20
Retail,5/27/2020,120
Retail,5/27/2020,1000
Retail,5/27/2020,55
Retail,5/27/2020,290
Retail,5/27/2020,120
Retail,5/27/2020,50
Retail,5/27/2020,1040
Retail,5/27/2020,1070
Retail,5/27/2020,200
Retail,5/27/2020,500
Retail,5/27/2020,500
Retail,5/27/2020,60
Retail,5/27/2020,1000
Retail,5/27/2020,5040
Retail,5/27/2020,500
Retail,5/27/2020,420
Retail,5/27/2020,265
Retail,5/27/2020,200
Retail,5/27/2020,1005
Retail,5/27/2020,35
Retail,5/27/2020,140
Retail,5/27/2020,500
Retail,5/27/2020,175
Retail,5/27/2020,500
Retail,5/27/2020,702
Retail,5/27/2020,150
Retail,5/27/2020,321
Retail,5/27/2020,550
Retail,5/27/2020,1000
Retail,5/27/2020,50
Retail,5/27/2020,335
Retail,5/27/2020,1500
Retail,5/27/2020,200
Retail,5/27/2020,1000
Retail,5/27/2020,320
Retail,5/27/2020,1000
Retail,5/27/2020,400
Retail,5/27/2020,70
Retail,5/27/2020,520
Retail,5/27/2020,550
Retail,5/27/2020,45
Retail,5/27/2020,390.5
Wholesale,5/27/2020,50
Retail,5/27/2020,100
Retail,5/27/2020,50
Retail,5/27/2020,500
Retail,5/27/2020,1000
Retail,5/27/2020,15
Retail,5/27/2020,500
Retail,5/27/2020,100
Retail,5/28/2020,20
Retail,5/28/2020,270
Retail,5/28/2020,1700
Retail,5/28/2020,521
Retail,5/28/2020,1000
Retail,5/28/2020,15
Retail,5/28/2020,10
Retail,5/28/2020,1020
Retail,5/28/2020,20
Retail,5/28/2020,500
Retail,5/28/2020,10
Retail,5/28/2020,280
Retail,5/28/2020,1005
Retail,5/28/2020,24
Retail,5/28/2020,870
Retail,5/28/2020,230
Retail,5/28/2020,500
Retail,5/28/2020,5085
RetailReturn,5/28/2020,540
Retail,5/28/2020,100
Retail,5/28/2020,1050
Retail,5/28/2020,5000
Retail,5/28/2020,500
Retail,5/28/2020,1310
Retail,5/28/2020,550
Retail,5/28/2020,500
Retail,5/28/2020,1600
Retail,5/28/2020,2028
Retail,5/28/2020,705
Retail,5/28/2020,674
Retail,5/28/2020,60
Retail,5/28/2020,60
Wholesale,5/28/2020,200
Retail,5/28/2020,615
Retail,5/28/2020,500
Retail,5/28/2020,100
Retail,5/28/2020,100
Retail,5/28/2020,1000
Retail,5/28/2020,80
Retail,5/28/2020,25
Wholesale,5/28/2020,125
RetailVisaCredit,5/28/2020,765
Retail,5/28/2020,1010
Retail,5/28/2020,100
Retail,5/28/2020,505
Retail,5/28/2020,130
Retail,5/28/2020,150
Retail,5/28/2020,1440
Retail,5/28/2020,90
Retail,5/28/2020,125
Retail,5/28/2020,150
Retail,5/28/2020,100
Retail,5/28/2020,1000
Retail,5/28/2020,1000
Retail,5/28/2020,162
Retail,5/28/2020,250
Retail,5/28/2020,500
Retail,5/28/2020,100
Retail,5/28/2020,1010
Retail,5/28/2020,570
Retail,5/28/2020,25
Retail,5/28/2020,170
Retail,5/28/2020,500
Retail,5/28/2020,50
Retail,5/28/2020,50
Retail,5/28/2020,100
Wholesale,5/28/2020,3000
Retail,5/28/2020,225
Retail,5/28/2020,100
Retail,5/28/2020,50
Retail,5/28/2020,200
Retail,5/28/2020,33
Retail,5/28/2020,325
Retail,5/28/2020,60
Retail,5/28/2020,60
Wholesale,5/28/2020,5000
Retail,5/28/2020,30
Retail,5/28/2020,1000
Retail,5/28/2020,360
Retail,5/28/2020,48
Retail,5/28/2020,200
Retail,5/28/2020,50
Retail,5/28/2020,280
Retail,5/28/2020,735
Retail,5/28/2020,510
Retail,5/28/2020,500
Retail,5/28/2020,30
Retail,5/28/2020,30
Retail,5/28/2020,385
Retail,5/28/2020,25
Wholesale,5/28/2020,1600
Retail,5/28/2020,100
Wholesale,5/28/2020,700
Retail,5/28/2020,100
Retail,5/28/2020,1000
Retail,5/28/2020,1000
Retail,5/28/2020,400
Retail,5/28/2020,260
Retail,5/28/2020,60
Retail,5/28/2020,1500
Retail,5/28/2020,50
Retail,5/28/2020,208
Retail,5/28/2020,30
Retail,5/28/2020,1000
Retail,5/28/2020,200
Retail,5/28/2020,100
Retail,5/28/2020,15
Wholesale,5/28/2020,3000
Retail,5/28/2020,75
Retail,5/28/2020,140
Retail,5/28/2020,120
Retail,5/28/2020,100
Retail,5/28/2020,1500
Retail,5/28/2020,100
Retail,5/28/2020,45
Retail,5/28/2020,1000
Retail,5/28/2020,1000
Retail,5/28/2020,100
Retail,5/28/2020,250
Retail,5/28/2020,1520
Retail,5/28/2020,100
Retail,5/28/2020,200
Retail,5/28/2020,330
Retail,5/28/2020,300
Retail,5/28/2020,240
Retail,5/28/2020,200
Retail,5/28/2020,18
Retail,5/28/2020,200
Retail,5/28/2020,50
Wholesale,5/28/2020,50
Wholesale,5/28/2020,52.5
Wholesale,5/28/2020,252
Retail,5/28/2020,600
Retail,5/28/2020,50
Wholesale,5/28/2020,1000
Retail,5/28/2020,1000
Wholesale,5/28/2020,100
Retail,5/28/2020,1000
Retail,5/28/2020,5000
Retail,5/28/2020,2
Wholesale,5/28/2020,50
Retail,5/28/2020,1000
Retail,5/28/2020,10
Retail,5/28/2020,50
Retail,5/29/2020,100
Retail,5/29/2020,50
Retail,5/29/2020,10
Retail,5/29/2020,155
Retail,5/29/2020,500
Retail,5/29/2020,50
Retail,5/29/2020,200
Retail,5/29/2020,50
Retail,5/29/2020,100
Retail,5/29/2020,49
Wholesale,5/29/2020,5.5
Wholesale,5/29/2020,1000
Retail,5/29/2020,1100
Retail,5/29/2020,40
Retail,5/29/2020,100
RetailVisaCredit,5/29/2020,321.3
Wholesale,5/29/2020,100
Retail,5/29/2020,50
Retail,5/29/2020,1.5
Retail,5/29/2020,500
Retail,5/29/2020,360
Retail,5/29/2020,40
Retail,5/29/2020,500
Retail,5/29/2020,8
Retail,5/29/2020,100
Retail,5/29/2020,70
Retail,5/29/2020,200
Retail,5/29/2020,20
Retail,5/29/2020,1015
Wholesale,5/29/2020,500
Wholesale,5/29/2020,1600
Retail,5/29/2020,500
Retail,5/29/2020,90
Retail,5/29/2020,100
Retail,5/29/2020,100
Retail,5/29/2020,50
Retail,5/29/2020,30
Retail,5/29/2020,1000
Retail,5/29/2020,600
Retail,5/29/2020,550
Retail,5/29/2020,105
Retail,5/29/2020,40
Retail,5/29/2020,180
Retail,5/29/2020,250
Retail,5/29/2020,210
Retail,5/29/2020,520
Retail,5/29/2020,3.5
Retail,5/29/2020,100
Retail,5/29/2020,25
Retail,5/29/2020,70
Retail,5/29/2020,420
Retail,5/29/2020,630
Retail,5/29/2020,400
Retail,5/29/2020,500
Retail,5/29/2020,5
Retail,5/29/2020,500
Retail,5/29/2020,100
Retail,5/29/2020,310
Retail,5/29/2020,600
Retail,5/29/2020,25
Retail,5/29/2020,500
Wholesale,5/29/2020,5100
Retail,5/29/2020,500
Retail,5/29/2020,500
Retail,5/29/2020,512
Retail,5/29/2020,600
Retail,5/29/2020,350
Retail,5/29/2020,500
Retail,5/29/2020,10
RetailVisaCredit,5/29/2020,1382.1
Retail,5/29/2020,100
Retail,5/29/2020,1040
Wholesale,5/29/2020,2000
Retail,5/29/2020,400
Retail,5/29/2020,75
Retail,5/29/2020,3
Retail,5/29/2020,30
Retail,5/29/2020,154
Retail,5/29/2020,500
Retail,5/29/2020,20
Retail,5/29/2020,10
Retail,5/29/2020,1000
Wholesale,5/29/2020,1540
Retail,5/29/2020,340
Retail,5/29/2020,500
Retail,5/29/2020,500
Wholesale,5/29/2020,3725
Retail,5/29/2020,200
Wholesale,5/29/2020,400
Wholesale,5/29/2020,2375
Retail,5/29/2020,60
Retail,5/29/2020,550
Retail,5/29/2020,3145
Retail,5/29/2020,500
Retail,5/29/2020,378
Retail,5/29/2020,100
Retail,5/29/2020,40
Retail,5/29/2020,80
Retail,5/29/2020,12
Retail,5/29/2020,1000
Retail,5/29/2020,100
Retail,5/29/2020,100
Retail,5/29/2020,100
Retail,5/29/2020,50
Retail,5/29/2020,401
Retail,5/29/2020,500
Retail,5/29/2020,870
Retail,5/29/2020,500
Retail,5/29/2020,450
Retail,5/29/2020,500
Retail,5/29/2020,10
Retail,5/29/2020,20
Retail,5/29/2020,500
Wholesale,5/29/2020,5300
Retail,5/29/2020,220
Retail,5/29/2020,20
Retail,5/29/2020,1070.5
Retail,5/29/2020,380
Retail,5/29/2020,50
Retail,5/29/2020,135
Retail,5/29/2020,40
RetailReturn,5/29/2020,325
Retail,5/29/2020,1000
Retail,5/29/2020,465
Wholesale,5/29/2020,5060
Retail,5/29/2020,1000
Retail,5/29/2020,100
Retail,5/29/2020,40
Retail,5/29/2020,425
Retail,5/29/2020,10
Retail,5/29/2020,200
Retail,5/29/2020,1000
Retail,5/29/2020,390
Retail,5/30/2020,100
Retail,5/30/2020,50
Retail,5/30/2020,300
Retail,5/30/2020,165
Retail,5/30/2020,500
Retail,5/30/2020,140
Retail,5/30/2020,90
Retail,5/30/2020,1040
Retail,5/30/2020,70
Retail,5/30/2020,500
Retail,5/30/2020,840
Retail,5/30/2020,600
Retail,5/30/2020,158
Retail,5/30/2020,1045
Retail,5/30/2020,1000
Retail,5/30/2020,100
Wholesale,5/30/2020,155
Retail,5/30/2020,8
Retail,5/30/2020,200
Retail,5/30/2020,50
Retail,5/30/2020,110
Retail,5/30/2020,5000
Retail,5/30/2020,25
Retail,5/30/2020,200
Retail,5/30/2020,200
Retail,5/30/2020,140
Retail,5/30/2020,25
RetailReturn,5/30/2020,265
Wholesale,5/30/2020,3000
Retail,5/30/2020,1000
Retail,5/30/2020,8.75
Retail,5/30/2020,500
Retail,5/30/2020,5000
Retail,5/30/2020,5000
Retail,5/30/2020,350
Retail,5/30/2020,150
Retail,5/30/2020,500
Retail,5/30/2020,1000
Retail,5/30/2020,100
Retail,5/30/2020,80
Retail,5/30/2020,5000
Retail,5/30/2020,1000
Retail,5/30/2020,500
Wholesale,5/30/2020,2600
Retail,5/30/2020,1100
Retail,5/30/2020,100
Wholesale,5/30/2020,5000
Retail,5/30/2020,160
Retail,5/30/2020,500
Retail,5/30/2020,200
Retail,5/30/2020,1040
Retail,5/30/2020,500
Retail,5/30/2020,30
Retail,5/30/2020,700
Retail,5/30/2020,500
Retail,5/30/2020,105
Retail,5/30/2020,1000
Retail,5/30/2020,500
Retail,5/30/2020,105
Retail,5/30/2020,2
Retail,5/30/2020,19
Retail,5/30/2020,435
Retail,5/30/2020,1000
RetailReturn,5/30/2020,285
Retail,5/30/2020,75
Retail,5/30/2020,80
Retail,5/30/2020,2227
Retail,5/30/2020,395
Retail,5/30/2020,455
Retail,5/30/2020,10
Retail,5/30/2020,250
Retail,5/30/2020,500
Retail,5/30/2020,345
Retail,5/30/2020,99
Retail,5/30/2020,345
Wholesale,5/30/2020,110
Wholesale,5/30/2020,86
Retail,5/30/2020,100
Retail,5/30/2020,425
Retail,5/30/2020,170
Retail,5/30/2020,50
Retail,5/30/2020,50
Retail,5/30/2020,113
Retail,5/30/2020,500
Retail,5/30/2020,30
Retail,5/30/2020,1000
Retail,5/30/2020,25
Retail,5/30/2020,1000
Retail,6/1/2020,15
Retail,6/1/2020,5
Retail,6/1/2020,100
Retail,6/1/2020,200
Retail,6/1/2020,1000
Retail,6/1/2020,100
Retail,6/1/2020,35
Retail,6/1/2020,100
Retail,6/1/2020,305
Retail,6/1/2020,300
Retail,6/1/2020,520
Retail,6/1/2020,445
Retail,6/1/2020,125
Retail,6/1/2020,50
Retail,6/1/2020,50
Retail,6/1/2020,100
Retail,6/1/2020,1000
Retail,6/1/2020,1000
Retail,6/1/2020,280
Retail,6/1/2020,15
Retail,6/1/2020,200
Retail,6/1/2020,300
Retail,6/1/2020,300
Retail,6/1/2020,70
Retail,6/1/2020,715
Retail,6/1/2020,25
Retail,6/1/2020,50
Retail,6/1/2020,300
Retail,6/1/2020,500
Retail,6/1/2020,55
Retail,6/1/2020,300
Retail,6/1/2020,5
Retail,6/1/2020,500
Retail,6/1/2020,19
Wholesale,6/1/2020,1500
Retail,6/1/2020,15
Retail,6/1/2020,67
Retail,6/1/2020,200
Retail,6/1/2020,150
Retail,6/1/2020,50
Retail,6/1/2020,50
Retail,6/1/2020,120
Retail,6/1/2020,500
Retail,6/1/2020,165
Retail,6/1/2020,1000
Retail,6/1/2020,25
Retail,6/1/2020,500
Retail,6/1/2020,783
Retail,6/1/2020,25
Retail,6/1/2020,20
Retail,6/1/2020,10
Retail,6/1/2020,10
Retail,6/1/2020,75
Retail,6/1/2020,100
Retail,6/1/2020,50
Retail,6/1/2020,8
Retail,6/1/2020,1000
Retail,6/1/2020,500
Retail,6/1/2020,1240
Retail,6/1/2020,394
RetailReturn,6/1/2020,1290
Retail,6/1/2020,50
Retail,6/1/2020,100
Wholesale,6/1/2020,5000
Retail,6/1/2020,810
Retail,6/1/2020,500
Retail,6/1/2020,200
Retail,6/1/2020,1000
Retail,6/1/2020,250
Retail,6/1/2020,50
Retail,6/1/2020,300
Retail,6/1/2020,195
Retail,6/1/2020,5
Retail,6/1/2020,75
Retail,6/1/2020,140
Wholesale,6/1/2020,300
Retail,6/1/2020,1200
Retail,6/1/2020,230
Retail,6/1/2020,345
Retail,6/1/2020,250
Retail,6/1/2020,8
Retail,6/1/2020,90
Retail,6/1/2020,100
Retail,6/1/2020,200
Retail,6/1/2020,1000
Retail,6/1/2020,1000
Retail,6/1/2020,50
Retail,6/1/2020,20
Retail,6/1/2020,500
Retail,6/1/2020,100
Retail,6/1/2020,70
Retail,6/1/2020,11
Retail,6/1/2020,100
Retail,6/1/2020,1239.25
Retail,6/1/2020,105
RetailReturn,6/1/2020,32
Retail,6/1/2020,695
Retail,6/1/2020,200
Retail,6/1/2020,100
Retail,6/1/2020,705
Retail,6/1/2020,99
RetailVisaCredit,6/1/2020,181.56
Retail,6/1/2020,1000
Wholesale,6/1/2020,4375
Wholesale,6/1/2020,1268.5
Retail,6/1/2020,500
Retail,6/1/2020,100
Retail,6/1/2020,500
Wholesale,6/1/2020,516
RetailReturn,6/1/2020,315
Retail,6/1/2020,50
Retail,6/1/2020,1000
Retail,6/1/2020,150
Retail,6/1/2020,100
Retail,6/1/2020,150
Retail,6/1/2020,1045
Retail,6/1/2020,2180.25
Retail,6/2/2020,105
Retail,6/2/2020,20
Retail,6/2/2020,75
Wholesale,6/2/2020,160
Retail,6/2/2020,100
Retail,6/2/2020,500
Retail,6/2/2020,75
Retail,6/2/2020,100
Retail,6/2/2020,2000
Retail,6/2/2020,40
Retail,6/2/2020,1010
Retail,6/2/2020,50
Retail,6/2/2020,50
Retail,6/2/2020,20
Retail,6/2/2020,1000
Retail,6/2/2020,1000
Retail,6/2/2020,25
Retail,6/2/2020,560
Retail,6/2/2020,28
Retail,6/2/2020,20
Retail,6/2/2020,100
Retail,6/2/2020,500
Retail,6/2/2020,100
Retail,6/2/2020,1140
Retail,6/2/2020,620
Retail,6/2/2020,980
Retail,6/2/2020,220
Retail,6/2/2020,1000
Retail,6/2/2020,25
Retail,6/2/2020,1000
Retail,6/2/2020,40
Retail,6/2/2020,200
Wholesale,6/2/2020,4000
Retail,6/2/2020,100
Retail,6/2/2020,300
RetailReturn,6/2/2020,999
Retail,6/2/2020,510
Retail,6/2/2020,100
Retail,6/2/2020,1100
Retail,6/2/2020,855
Retail,6/2/2020,1040
Retail,6/2/2020,500
Retail,6/2/2020,618
Retail,6/2/2020,1000
Retail,6/2/2020,151
Retail,6/2/2020,100
Retail,6/2/2020,50
Retail,6/2/2020,600
Retail,6/2/2020,100
Retail,6/2/2020,15
Retail,6/2/2020,1050
Retail,6/2/2020,1002
WholesaleVisaCredit,6/2/2020,2850
Retail,6/2/2020,140
Retail,6/2/2020,400
Retail,6/2/2020,200
Retail,6/2/2020,5
Retail,6/2/2020,1004
Retail,6/2/2020,500
Retail,6/2/2020,275
Retail,6/2/2020,500
Retail,6/2/2020,375
Retail,6/2/2020,1000
Retail,6/2/2020,300
Wholesale,6/2/2020,1000
Retail,6/2/2020,1000
Retail,6/2/2020,520
Retail,6/2/2020,5500
Retail,6/2/2020,100
Retail,6/2/2020,180
Retail,6/2/2020,1110
Retail,6/2/2020,60
Retail,6/2/2020,100
Retail,6/2/2020,40
Retail,6/2/2020,1000
Retail,6/2/2020,350
Retail,6/2/2020,200
Retail,6/2/2020,40
Retail,6/2/2020,30
Retail,6/2/2020,1000
Retail,6/2/2020,805
Retail,6/2/2020,150
Retail,6/2/2020,1010
Retail,6/2/2020,100
Retail,6/2/2020,5000
Retail,6/2/2020,300
Retail,6/2/2020,500
Retail,6/2/2020,240
Retail,6/2/2020,110
Retail,6/2/2020,50
Retail,6/2/2020,75
Retail,6/2/2020,1300
Retail,6/2/2020,1000
Retail,6/2/2020,600
Retail,6/2/2020,200
Retail,6/2/2020,500
Retail,6/2/2020,200
Retail,6/2/2020,1050
Wholesale,6/2/2020,400
Retail,6/2/2020,100
Retail,6/2/2020,50
Retail,6/2/2020,500
Retail,6/2/2020,230
Retail,6/2/2020,300
Retail,6/2/2020,500
Retail,6/2/2020,240
Retail,6/2/2020,134
Retail,6/2/2020,500
Retail,6/2/2020,4680
Retail,6/2/2020,500
Retail,6/2/2020,1010
Retail,6/2/2020,51
Retail,6/2/2020,80
Retail,6/2/2020,16
Retail,6/2/2020,60
Retail,6/2/2020,199
Retail,6/2/2020,50
WholesaleReturn,6/2/2020,2850
WholesaleVisaCredit,6/2/2020,2850
Retail,6/3/2020,70
Retail,6/3/2020,265
Retail,6/3/2020,50
Retail,6/3/2020,30
Retail,6/3/2020,50
Retail,6/3/2020,200
Retail,6/3/2020,125
Retail,6/3/2020,1000
Retail,6/3/2020,1000
Retail,6/3/2020,36
Retail,6/3/2020,500
Retail,6/3/2020,2005
Retail,6/3/2020,510
Retail,6/3/2020,1000
Retail,6/3/2020,130
Retail,6/3/2020,5
Wholesale,6/3/2020,3000
Retail,6/3/2020,25
Retail,6/3/2020,70
Retail,6/3/2020,30
Retail,6/3/2020,250
Retail,6/3/2020,200
Retail,6/3/2020,500
Retail,6/3/2020,640
Retail,6/3/2020,15
Retail,6/3/2020,250
Retail,6/3/2020,15
Retail,6/3/2020,800
Retail,6/3/2020,1005
Retail,6/3/2020,1000
Retail,6/3/2020,15
Retail,6/3/2020,140
Retail,6/3/2020,5000
Retail,6/3/2020,1000
Retail,6/3/2020,1000
Retail,6/3/2020,500
Retail,6/3/2020,150
Retail,6/3/2020,1020
Retail,6/3/2020,1000
Retail,6/3/2020,505
Retail,6/3/2020,100
Retail,6/3/2020,60
Retail,6/3/2020,50
Retail,6/3/2020,595
Retail,6/3/2020,76
Retail,6/3/2020,13
Retail,6/3/2020,5125
Retail,6/3/2020,540
Retail,6/3/2020,500
Retail,6/3/2020,200
Retail,6/3/2020,300
Retail,6/3/2020,260
Retail,6/3/2020,200
Retail,6/3/2020,410
Retail,6/3/2020,2235
Retail,6/3/2020,1000
Retail,6/3/2020,300
Retail,6/3/2020,115
Retail,6/3/2020,1100
Retail,6/3/2020,100
Retail,6/3/2020,500
Retail,6/3/2020,506
Retail,6/3/2020,500
Retail,6/3/2020,50
Retail,6/3/2020,500
Retail,6/3/2020,150
Wholesale,6/3/2020,1400
Retail,6/3/2020,365
Retail,6/3/2020,100
Retail,6/3/2020,1005
Retail,6/3/2020,285
Retail,6/3/2020,315
Retail,6/3/2020,1020
Retail,6/3/2020,275
Retail,6/3/2020,50
Wholesale,6/3/2020,1600
Retail,6/3/2020,100
Retail,6/3/2020,1000
Retail,6/3/2020,150
Retail,6/3/2020,500
Retail,6/3/2020,450
Retail,6/3/2020,100
Retail,6/3/2020,125
Retail,6/3/2020,1000
Retail,6/3/2020,230
Retail,6/3/2020,1000
Retail,6/3/2020,65
Retail,6/3/2020,500
Retail,6/3/2020,800
Retail,6/3/2020,360
Retail,6/3/2020,168
Retail,6/3/2020,500
Retail,6/3/2020,1000
Retail,6/3/2020,100
Retail,6/3/2020,36
Retail,6/3/2020,20
Retail,6/3/2020,240
Retail,6/3/2020,200
Retail,6/3/2020,1000
Retail,6/3/2020,50
Retail,6/3/2020,10
Retail,6/3/2020,460
Retail,6/3/2020,198
Retail,6/3/2020,1500
Retail,6/3/2020,1000
Retail,6/3/2020,1050
Retail,6/3/2020,154
Retail,6/3/2020,130
Wholesale,6/3/2020,1000
Retail,6/3/2020,300
Retail,6/3/2020,40
Retail,6/3/2020,200
Retail,6/3/2020,30
Retail,6/3/2020,523
Wholesale,6/3/2020,100
Retail,6/3/2020,8
Wholesale,6/3/2020,200
Retail,6/3/2020,225
Retail,6/3/2020,100
Retail,6/3/2020,100
Retail,6/3/2020,1000
Retail,6/3/2020,500
Retail,6/3/2020,156
Retail,6/3/2020,1000
Retail,6/3/2020,560
Retail,6/3/2020,500
Retail,6/3/2020,545
Retail,6/3/2020,115
Retail,6/3/2020,150
Retail,6/3/2020,600
Retail,6/3/2020,550
Retail,6/3/2020,110
Retail,6/3/2020,50
Retail,6/3/2020,150
Wholesale,6/3/2020,100
Retail,6/3/2020,50
Retail,6/3/2020,1020
Retail,6/3/2020,1000
Retail,6/3/2020,400
Retail,6/3/2020,1060
QuotationCheque,6/4/2020,14650
Retail,6/4/2020,3885
Retail,6/4/2020,8062
Wholesale,6/4/2020,200
Retail,6/4/2020,345
Retail,6/4/2020,98
Retail,6/4/2020,1225.5
Retail,6/4/2020,727
Retail,6/6/2020,30
Retail,6/6/2020,50
Retail,6/6/2020,45
Retail,6/6/2020,50
Retail,6/6/2020,1000
Retail,6/6/2020,500
Retail,6/6/2020,300
Retail,6/6/2020,65
Retail,6/6/2020,70
Retail,6/6/2020,1000
Retail,6/6/2020,54
Retail,6/6/2020,1000
Retail,6/6/2020,1000
Retail,6/6/2020,380
Retail,6/6/2020,20
Retail,6/6/2020,245
Retail,6/6/2020,50
Retail,6/6/2020,5000
Retail,6/6/2020,1000
Retail,6/6/2020,1000
Retail,6/6/2020,500
Wholesale,6/6/2020,2600
Retail,6/6/2020,1000
Retail,6/6/2020,100
Retail,6/6/2020,120
Retail,6/6/2020,40
Retail,6/6/2020,270
Retail,6/6/2020,100
Retail,6/6/2020,500
Retail,6/6/2020,216
Retail,6/6/2020,150
Retail,6/6/2020,1000
Retail,6/6/2020,150
Retail,6/6/2020,50
Retail,6/6/2020,500
Retail,6/6/2020,230
Retail,6/6/2020,100
Retail,6/6/2020,10
Retail,6/6/2020,5
Retail,6/6/2020,250
Retail,6/6/2020,120
Retail,6/6/2020,5005
Retail,6/6/2020,1000
Retail,6/6/2020,500
Retail,6/6/2020,200
Retail,6/6/2020,200
Retail,6/6/2020,60
Retail,6/6/2020,1000
Retail,6/6/2020,20
Retail,6/6/2020,500
Retail,6/6/2020,468
Retail,6/6/2020,300
Retail,6/6/2020,125
Retail,6/6/2020,165
Retail,6/6/2020,150
Retail,6/6/2020,1000
Retail,6/6/2020,1502
Retail,6/6/2020,450
Retail,6/6/2020,960
Retail,6/6/2020,200
Retail,6/6/2020,500
Retail,6/6/2020,80
Retail,6/6/2020,200
Retail,6/6/2020,500
Retail,6/6/2020,165
Retail,6/6/2020,50
Retail,6/6/2020,1000
Wholesale,6/6/2020,100
Retail,6/6/2020,10
Retail,6/6/2020,330
Retail,6/6/2020,100
Retail,6/6/2020,1200
Retail,6/6/2020,1000
Retail,6/6/2020,5
Retail,6/6/2020,500
Retail,6/6/2020,250
Retail,6/6/2020,165
Retail,6/6/2020,5120
Retail,6/6/2020,260
Retail,6/6/2020,200
Retail,6/6/2020,100
Retail,6/6/2020,1000
Retail,6/6/2020,500
Retail,6/6/2020,100
Retail,6/6/2020,220
Retail,6/6/2020,500
Retail,6/6/2020,60
Retail,6/6/2020,10
Retail,6/6/2020,40
Retail,6/6/2020,1010
Retail,6/6/2020,100
Retail,6/6/2020,50
Retail,6/6/2020,1025
Retail,6/6/2020,20
Retail,6/6/2020,500
Retail,6/6/2020,500
Retail,6/6/2020,3100.25
Retail,6/6/2020,500
Retail,6/6/2020,50
RetailReturn,6/6/2020,795
Retail,6/6/2020,1000
Retail,6/7/2020,20
Retail,6/7/2020,100
Retail,6/7/2020,20
Retail,6/7/2020,80
Retail,6/7/2020,305
Retail,6/7/2020,1050
Retail,6/7/2020,100
Retail,6/7/2020,100
Retail,6/7/2020,1160
Retail,6/7/2020,150
Retail,6/7/2020,50
Wholesale,6/7/2020,1000
Retail,6/7/2020,100
Retail,6/7/2020,50
Retail,6/7/2020,145
Retail,6/7/2020,500
Wholesale,6/7/2020,3300
Retail,6/7/2020,2000
Retail,6/7/2020,2520
Retail,6/7/2020,200
Retail,6/7/2020,200
Retail,6/7/2020,505
Retail,6/7/2020,520
Retail,6/7/2020,30
Wholesale,6/7/2020,1000
Retail,6/7/2020,500
Retail,6/7/2020,200
Retail,6/7/2020,500
Retail,6/7/2020,1000
Retail,6/7/2020,210
Retail,6/7/2020,1000
Retail,6/7/2020,500
Retail,6/7/2020,674
Retail,6/7/2020,15
Retail,6/7/2020,20
Retail,6/7/2020,500
Retail,6/7/2020,5005
Retail,6/7/2020,1150
Retail,6/7/2020,1000
Retail,6/7/2020,20
Retail,6/7/2020,100
Retail,6/7/2020,5000
Retail,6/7/2020,220
Retail,6/7/2020,500
Retail,6/7/2020,150
Retail,6/7/2020,120
Retail,6/7/2020,420
Retail,6/7/2020,1085
Retail,6/7/2020,100
Retail,6/7/2020,25
Retail,6/7/2020,25
Retail,6/7/2020,1000
Retail,6/7/2020,1000
Retail,6/7/2020,202
Retail,6/7/2020,1000
Retail,6/7/2020,270
Retail,6/7/2020,500
Retail,6/7/2020,100
Retail,6/7/2020,200
Retail,6/7/2020,210
Retail,6/7/2020,200
Retail,6/7/2020,100
Retail,6/7/2020,270
Retail,6/7/2020,300
Retail,6/7/2020,1000
Retail,6/7/2020,200
Retail,6/7/2020,120
Retail,6/7/2020,1000
Retail,6/7/2020,400
Retail,6/7/2020,200
Retail,6/7/2020,5015
Retail,6/7/2020,1000
Retail,6/7/2020,1005
Retail,6/7/2020,165
Retail,6/7/2020,290
Retail,6/7/2020,65
Retail,6/7/2020,200
Retail,6/7/2020,1100
Retail,6/7/2020,525
Retail,6/7/2020,40
Retail,6/7/2020,50
Retail,6/7/2020,300
Retail,6/7/2020,200
Retail,6/7/2020,25
Retail,6/7/2020,1000
Retail,6/7/2020,1180
Retail,6/7/2020,40
Retail,6/7/2020,100
Retail,6/7/2020,500
Retail,6/7/2020,510
Retail,6/7/2020,60
Retail,6/7/2020,50
Retail,6/7/2020,200
Retail,6/7/2020,1000
Retail,6/7/2020,10
Retail,6/7/2020,100
Retail,6/7/2020,140
Wholesale,6/7/2020,1500
Retail,6/7/2020,145
Retail,6/7/2020,500
Retail,6/7/2020,110
Retail,6/7/2020,120
Wholesale,6/7/2020,200
Retail,6/7/2020,100
Retail,6/7/2020,50
Retail,6/7/2020,640
Retail,6/7/2020,100
Retail,6/8/2020,50
Wholesale,6/8/2020,5.5
Retail,6/8/2020,289
Retail,6/8/2020,100
Retail,6/8/2020,100
Retail,6/8/2020,50
Retail,6/8/2020,702
Retail,6/8/2020,90
Wholesale,6/8/2020,1200
Retail,6/8/2020,353
Retail,6/8/2020,250
Retail,6/8/2020,500
Retail,6/8/2020,200
Retail,6/8/2020,500
Retail,6/8/2020,200
Retail,6/8/2020,120
Retail,6/8/2020,1010
Wholesale,6/8/2020,1000
Wholesale,6/8/2020,1500
Retail,6/8/2020,200
Retail,6/8/2020,50
Retail,6/8/2020,100
Retail,6/8/2020,25
Retail,6/8/2020,20
Retail,6/8/2020,1400
Retail,6/8/2020,1000
Retail,6/8/2020,45
Retail,6/8/2020,505
Retail,6/8/2020,500
Retail,6/8/2020,400
Retail,6/8/2020,70
Retail,6/8/2020,500
Retail,6/8/2020,100
Retail,6/8/2020,940
Retail,6/8/2020,1000
RetailVisaCredit,6/8/2020,392.7
Retail,6/8/2020,1100
Retail,6/8/2020,500
Retail,6/8/2020,360
Retail,6/8/2020,100
Retail,6/8/2020,500
Retail,6/8/2020,410
Retail,6/8/2020,1020
Retail,6/8/2020,57
Retail,6/8/2020,270
Retail,6/8/2020,5100
Retail,6/8/2020,219
Retail,6/8/2020,500
Retail,6/8/2020,10
Retail,6/8/2020,150
Retail,6/8/2020,200
Retail,6/8/2020,500
Retail,6/8/2020,370
Retail,6/8/2020,70
Retail,6/8/2020,500
Retail,6/8/2020,5000
Retail,6/8/2020,1100
Retail,6/8/2020,100
Retail,6/8/2020,100
Retail,6/8/2020,100
Retail,6/8/2020,260
Retail,6/8/2020,5000
Retail,6/8/2020,1000
Retail,6/8/2020,1050
Retail,6/8/2020,40
Retail,6/8/2020,1000
Retail,6/8/2020,500
Wholesale,6/8/2020,500
Retail,6/8/2020,500
Retail,6/8/2020,20
Retail,6/8/2020,100
Retail,6/8/2020,1000
Retail,6/8/2020,620
Retail,6/8/2020,200
Retail,6/8/2020,500
Retail,6/8/2020,600
Retail,6/8/2020,500
Retail,6/8/2020,210
Retail,6/8/2020,20
Retail,6/8/2020,10
Retail,6/8/2020,500
Retail,6/8/2020,400
Retail,6/8/2020,1710
Retail,6/8/2020,540
Retail,6/8/2020,310
Retail,6/8/2020,100
Retail,6/8/2020,100
Retail,6/8/2020,1000
Retail,6/8/2020,48
Retail,6/8/2020,10
Retail,6/8/2020,5
Retail,6/8/2020,845
Retail,6/8/2020,1100
Retail,6/8/2020,500
Wholesale,6/8/2020,324
Retail,6/8/2020,1000
Wholesale,6/8/2020,1000
Retail,6/8/2020,370
Wholesale,6/8/2020,2000
Retail,6/8/2020,1000
Retail,6/8/2020,200
Wholesale,6/8/2020,7000
Retail,6/8/2020,10
Retail,6/8/2020,50
Retail,6/8/2020,400
Retail,6/8/2020,35
Retail,6/8/2020,500
Retail,6/8/2020,500
Retail,6/8/2020,1000
Retail,6/8/2020,400
Retail,6/8/2020,500
Retail,6/8/2020,165
Retail,6/8/2020,30
Retail,6/8/2020,50
Retail,6/8/2020,305
Retail,6/8/2020,80
Wholesale,6/8/2020,1700
Retail,6/8/2020,1030
Retail,6/8/2020,5
Retail,6/8/2020,100
Retail,6/8/2020,5000
Retail,6/8/2020,270
Retail,6/8/2020,1000
Wholesale,6/8/2020,100
Retail,6/8/2020,550
Retail,6/8/2020,600
Retail,6/8/2020,1000
Retail,6/8/2020,500
Retail,6/8/2020,1000
Retail,6/8/2020,100
Retail,6/8/2020,430
Wholesale,6/8/2020,570
Retail,6/8/2020,1000
Retail,6/8/2020,510
Retail,6/8/2020,500
Retail,6/8/2020,150
Retail,6/8/2020,150
Retail,6/8/2020,500
Retail,6/8/2020,220
Retail,6/8/2020,320
Retail,6/8/2020,50
Retail,6/8/2020,614
Retail,6/8/2020,1000
Retail,6/8/2020,5000
Retail,6/8/2020,125
Retail,6/8/2020,1002
Retail,6/9/2020,100
Retail,6/9/2020,25
Retail,6/9/2020,200
Retail,6/9/2020,270
Retail,6/9/2020,1000
Wholesale,6/9/2020,875
Retail,6/9/2020,45
Retail,6/9/2020,1005
Retail,6/9/2020,155
Retail,6/9/2020,50
Retail,6/9/2020,20
Retail,6/9/2020,40
Retail,6/9/2020,700
Retail,6/9/2020,1035
Retail,6/9/2020,500
Retail,6/9/2020,100
Retail,6/9/2020,30
Retail,6/9/2020,349
Retail,6/9/2020,10
RetailReturn,6/9/2020,360
Retail,6/9/2020,5000
Retail,6/9/2020,500
Retail,6/9/2020,105
Retail,6/9/2020,150
Retail,6/9/2020,170
Retail,6/9/2020,210
Retail,6/9/2020,350
Retail,6/9/2020,50
Retail,6/9/2020,250
Retail,6/9/2020,500
Retail,6/9/2020,500
Retail,6/9/2020,40
Retail,6/9/2020,1000
Wholesale,6/9/2020,100
Retail,6/9/2020,300
Retail,6/9/2020,100
Retail,6/9/2020,345
Wholesale,6/9/2020,2000
Retail,6/9/2020,72
Wholesale,6/9/2020,1000
Retail,6/9/2020,690
Retail,6/9/2020,48
Retail,6/9/2020,500
Retail,6/9/2020,500
Retail,6/9/2020,175
Retail,6/9/2020,170
Retail,6/9/2020,40
Retail,6/9/2020,10
Retail,6/9/2020,1000
Retail,6/9/2020,400
Retail,6/9/2020,1020
Retail,6/9/2020,320
Retail,6/9/2020,880
Retail,6/9/2020,1000
Retail,6/9/2020,100
Retail,6/9/2020,30
Retail,6/9/2020,30
Retail,6/9/2020,5015
Retail,6/9/2020,10
Retail,6/9/2020,1250
Retail,6/9/2020,100
Retail,6/9/2020,30
Retail,6/9/2020,200
Retail,6/9/2020,135
Retail,6/9/2020,60
Retail,6/9/2020,100
Retail,6/9/2020,640
Retail,6/9/2020,90
Retail,6/9/2020,299
Retail,6/9/2020,151
Retail,6/9/2020,65
Retail,6/9/2020,1
Retail,6/9/2020,100
Retail,6/9/2020,500
Retail,6/9/2020,30
Retail,6/9/2020,500
Retail,6/9/2020,103
Retail,6/9/2020,502
Retail,6/9/2020,1
Retail,6/9/2020,1510
Retail,6/9/2020,100
Retail,6/9/2020,60
Retail,6/9/2020,1200
Retail,6/9/2020,2
Retail,6/9/2020,1020
Wholesale,6/9/2020,10000
Retail,6/9/2020,100
Retail,6/9/2020,540
Retail,6/9/2020,140
Wholesale,6/9/2020,5100
Retail,6/9/2020,150
Retail,6/9/2020,220
Retail,6/9/2020,95
Retail,6/9/2020,500
Retail,6/9/2020,20
Retail,6/9/2020,1000
Retail,6/9/2020,76
Retail,6/9/2020,500
Retail,6/9/2020,500
Retail,6/9/2020,40
Retail,6/9/2020,255
Retail,6/9/2020,60
Retail,6/9/2020,500
Retail,6/9/2020,1000
Retail,6/9/2020,1090
Retail,6/9/2020,100
Retail,6/9/2020,1000
Retail,6/9/2020,45
Retail,6/9/2020,250
Retail,6/9/2020,110
Retail,6/9/2020,2130
Retail,6/9/2020,150
Retail,6/9/2020,100
Retail,6/9/2020,200
Retail,6/9/2020,130
Retail,6/9/2020,5030
Retail,6/9/2020,45
Retail,6/9/2020,500
Retail,6/9/2020,1000
Retail,6/9/2020,145
Retail,6/9/2020,60
Retail,6/9/2020,45
Retail,6/9/2020,20
Retail,6/9/2020,192
Retail,6/9/2020,90
Retail,6/9/2020,160
Retail,6/9/2020,75
Retail,6/9/2020,500
Retail,6/9/2020,1100
Retail,6/9/2020,150
Retail,6/9/2020,200
Retail,6/9/2020,500
Wholesale,6/9/2020,100
Retail,6/9/2020,1000
Retail,6/9/2020,100
Retail,6/9/2020,500
Retail,6/9/2020,75
Retail,6/9/2020,110
Wholesale,6/9/2020,205
Retail,6/9/2020,122
Retail,6/9/2020,18
Retail,6/9/2020,5000
Retail,6/9/2020,20
Retail,6/9/2020,950
Retail,6/10/2020,50
Retail,6/10/2020,140
Retail,6/10/2020,40
Retail,6/10/2020,50
Retail,6/10/2020,125
Retail,6/10/2020,1000
Retail,6/10/2020,2000
Retail,6/10/2020,300
Retail,6/10/2020,100
Retail,6/10/2020,4
Retail,6/10/2020,70
Retail,6/10/2020,1100
Retail,6/10/2020,100
Retail,6/10/2020,100
RetailReturn,6/10/2020,1590
Retail,6/10/2020,1860
Retail,6/10/2020,100
Retail,6/10/2020,600
Wholesale,6/10/2020,200
Retail,6/10/2020,30
Retail,6/10/2020,165
Retail,6/10/2020,500
Retail,6/10/2020,75
Retail,6/10/2020,25
Retail,6/10/2020,3270
Retail,6/10/2020,500
Retail,6/10/2020,100
Retail,6/10/2020,90
Retail,6/10/2020,230
Retail,6/10/2020,50
Retail,6/10/2020,50
Retail,6/10/2020,400
Retail,6/10/2020,670
Retail,6/10/2020,25
Retail,6/10/2020,245
Retail,6/10/2020,1000
Retail,6/10/2020,1005
Retail,6/10/2020,5
Retail,6/10/2020,100
Retail,6/10/2020,100
Retail,6/10/2020,4150
Retail,6/10/2020,502
Retail,6/10/2020,500
Retail,6/10/2020,55
Retail,6/10/2020,200
Retail,6/10/2020,120
Retail,6/10/2020,100
Retail,6/10/2020,100
Retail,6/10/2020,5000
Retail,6/10/2020,170
Retail,6/10/2020,300
Retail,6/10/2020,123
Retail,6/10/2020,200
Retail,6/10/2020,5000
Wholesale,6/10/2020,1000
Retail,6/10/2020,200
Retail,6/10/2020,300
Retail,6/10/2020,225
Retail,6/10/2020,220
Retail,6/10/2020,50
Retail,6/10/2020,160
Retail,6/10/2020,1500
Retail,6/10/2020,517
Retail,6/10/2020,150
Retail,6/10/2020,505
Retail,6/10/2020,100
Retail,6/10/2020,100
Retail,6/10/2020,1000
Retail,6/10/2020,200
Retail,6/10/2020,315
Wholesale,6/10/2020,2000
Retail,6/10/2020,10
Retail,6/10/2020,1300
Retail,6/10/2020,100
Retail,6/10/2020,1000
Retail,6/10/2020,100
Retail,6/10/2020,111
Retail,6/10/2020,60
Retail,6/10/2020,500
Retail,6/10/2020,190
Retail,6/10/2020,240
Retail,6/10/2020,1000
Retail,6/10/2020,500
Retail,6/10/2020,1000
Retail,6/10/2020,315
Retail,6/10/2020,20
Retail,6/10/2020,8
RetailVisaCredit,6/10/2020,1442.28
Retail,6/10/2020,250
Retail,6/10/2020,130
Wholesale,6/10/2020,100
Retail,6/10/2020,20
Retail,6/10/2020,170
Retail,6/10/2020,150
Retail,6/10/2020,500
Retail,6/10/2020,105
Retail,6/10/2020,15
Retail,6/10/2020,1200
Retail,6/10/2020,500
Retail,6/10/2020,220
Retail,6/10/2020,50
Retail,6/10/2020,16
Retail,6/10/2020,4
Retail,6/10/2020,1050
Retail,6/10/2020,100
Retail,6/10/2020,530
Retail,6/10/2020,435
Retail,6/10/2020,1020
Retail,6/10/2020,159
Retail,6/10/2020,6
Retail,6/10/2020,12
Retail,6/10/2020,335
Retail,6/10/2020,10
Retail,6/10/2020,420
Retail,6/10/2020,130
Retail,6/10/2020,28
Retail,6/10/2020,124
Retail,6/10/2020,200
Retail,6/10/2020,600
RetailVisaCredit,6/10/2020,689.52
Retail,6/10/2020,630
Retail,6/10/2020,10
Retail,6/10/2020,42.5
Retail,6/10/2020,1020
Retail,6/10/2020,99
Retail,6/10/2020,70
Retail,6/10/2020,100
Wholesale,6/10/2020,305
Retail,6/10/2020,18
Retail,6/10/2020,500
Retail,6/10/2020,100
Retail,6/10/2020,50
Wholesale,6/10/2020,357
Retail,6/10/2020,510
Wholesale,6/10/2020,500
Retail,6/10/2020,100
Retail,6/10/2020,300
Retail,6/10/2020,250
Retail,6/10/2020,125
Retail,6/10/2020,18
Retail,6/10/2020,1000
Retail,6/10/2020,30
Retail,6/10/2020,100
Retail,6/10/2020,80
Wholesale,6/10/2020,520
Wholesale,6/10/2020,110
Retail,6/10/2020,200
Wholesale,6/10/2020,148.75
Wholesale,6/10/2020,580
Wholesale,6/10/2020,615
Retail,6/10/2020,100
Retail,6/10/2020,25
Retail,6/10/2020,1000
Retail,6/10/2020,1000
Retail,6/10/2020,250
Retail,6/11/2020,140
Wholesale,6/11/2020,270
Retail,6/11/2020,100
Retail,6/11/2020,100
Retail,6/11/2020,50
Retail,6/11/2020,100
Retail,6/11/2020,75
Retail,6/11/2020,87.5
Retail,6/11/2020,20
Retail,6/11/2020,10
Retail,6/11/2020,5
Retail,6/11/2020,20
Retail,6/11/2020,20
Retail,6/11/2020,60
Retail,6/11/2020,1000
Retail,6/11/2020,250
Retail,6/11/2020,5
Retail,6/11/2020,130
Retail,6/11/2020,500
Retail,6/11/2020,100
Retail,6/11/2020,65
Retail,6/11/2020,1000
Retail,6/11/2020,150
Retail,6/11/2020,75
Retail,6/11/2020,500
Retail,6/11/2020,59
Retail,6/11/2020,1315
Retail,6/11/2020,5
Retail,6/11/2020,1000
Retail,6/11/2020,50
Retail,6/11/2020,12
Retail,6/11/2020,500
Wholesale,6/11/2020,1070.5
Retail,6/11/2020,199
Retail,6/11/2020,100
Retail,6/11/2020,200
Retail,6/11/2020,1000
Retail,6/11/2020,135
Retail,6/11/2020,108
Retail,6/11/2020,600
Retail,6/11/2020,1055
Wholesale,6/11/2020,40.5
Retail,6/11/2020,170
Retail,6/11/2020,1000
Retail,6/11/2020,290
Wholesale,6/11/2020,1000
Retail,6/11/2020,500
Retail,6/11/2020,1100
Retail,6/11/2020,100
Retail,6/11/2020,500
Retail,6/11/2020,310
Retail,6/11/2020,1102
Retail,6/11/2020,1000
Retail,6/11/2020,1007
Retail,6/11/2020,540
Retail,6/11/2020,1000
Retail,6/11/2020,100
Retail,6/11/2020,50
Retail,6/11/2020,550
Retail,6/11/2020,30
Retail,6/11/2020,50
Retail,6/11/2020,170
Retail,6/11/2020,500
Retail,6/11/2020,166
Retail,6/11/2020,310
Retail,6/11/2020,380
Retail,6/11/2020,1030
Retail,6/11/2020,75
Retail,6/11/2020,300
Retail,6/11/2020,1000
Retail,6/11/2020,150
Retail,6/11/2020,80
Retail,6/11/2020,1000
Retail,6/11/2020,75
Retail,6/11/2020,1000
Retail,6/11/2020,750
Retail,6/11/2020,100
Retail,6/11/2020,1020
Retail,6/11/2020,500
Wholesale,6/11/2020,1500
Retail,6/11/2020,600
Retail,6/11/2020,540
Retail,6/11/2020,25
Retail,6/11/2020,2140
Retail,6/11/2020,500
Retail,6/11/2020,1015
Retail,6/11/2020,110
Retail,6/11/2020,1015
Wholesale,6/11/2020,4563
Retail,6/11/2020,500
Retail,6/11/2020,10
Retail,6/11/2020,70
Retail,6/11/2020,1100
Retail,6/11/2020,200
Retail,6/11/2020,100
Retail,6/11/2020,300
Retail,6/11/2020,335
Retail,6/11/2020,100
Retail,6/11/2020,10
Retail,6/11/2020,2000
Retail,6/11/2020,10
Retail,6/11/2020,85
Retail,6/11/2020,50
Retail,6/11/2020,40
Retail,6/11/2020,140
Retail,6/11/2020,1047
Retail,6/11/2020,5000
Retail,6/11/2020,250
Retail,6/11/2020,100
Retail,6/11/2020,49
Retail,6/11/2020,70
Retail,6/11/2020,500
Retail,6/11/2020,50
Retail,6/11/2020,270
Retail,6/11/2020,48
Retail,6/11/2020,100
Retail,6/11/2020,60
Retail,6/11/2020,330
Retail,6/11/2020,100
Retail,6/11/2020,1000
Retail,6/11/2020,1020
Retail,6/11/2020,100
Retail,6/11/2020,100
Retail,6/11/2020,365
Retail,6/11/2020,1000
Retail,6/11/2020,50
Retail,6/11/2020,300
Retail,6/11/2020,70
Retail,6/11/2020,70
Retail,6/11/2020,320
Retail,6/11/2020,35
Wholesale,6/11/2020,7927
Wholesale,6/11/2020,73
Retail,6/11/2020,100
Retail,6/11/2020,300
Retail,6/11/2020,36
Retail,6/11/2020,10
Retail,6/11/2020,10
Retail,6/11/2020,608
RetailReturn,6/11/2020,40
Retail,6/11/2020,1000
Retail,6/11/2020,25
Retail,6/11/2020,600
Retail,6/11/2020,5000
Retail,6/11/2020,100
Retail,6/12/2020,150
Retail,6/12/2020,100
Retail,6/12/2020,1000
Retail,6/12/2020,100
Retail,6/12/2020,20
Retail,6/12/2020,45
Retail,6/12/2020,500
Retail,6/12/2020,550
Retail,6/12/2020,50
Retail,6/12/2020,20
Retail,6/12/2020,610
Retail,6/12/2020,63
Retail,6/12/2020,965
Retail,6/12/2020,100
Retail,6/12/2020,500
Retail,6/12/2020,675
Retail,6/12/2020,540
Retail,6/12/2020,80
Retail,6/12/2020,500
Retail,6/12/2020,475
Retail,6/12/2020,1000
Retail,6/12/2020,1000
Retail,6/12/2020,150
Retail,6/12/2020,15
Retail,6/12/2020,500
Retail,6/12/2020,635
Retail,6/12/2020,100
Retail,6/12/2020,1000
Retail,6/12/2020,510
Retail,6/12/2020,865
Retail,6/12/2020,500
Retail,6/12/2020,1000
Retail,6/12/2020,100
Retail,6/12/2020,500
Retail,6/12/2020,210
Retail,6/12/2020,90
Retail,6/12/2020,110
Retail,6/12/2020,50
Retail,6/12/2020,130
Retail,6/12/2020,100
Retail,6/12/2020,1010
Retail,6/12/2020,60
Retail,6/12/2020,534
Retail,6/12/2020,59
RetailReturn,6/12/2020,160
Retail,6/12/2020,1100
Retail,6/12/2020,510
Retail,6/12/2020,500
Retail,6/12/2020,450
Retail,6/12/2020,10
Retail,6/12/2020,200
Retail,6/12/2020,1300
Retail,6/12/2020,200
Retail,6/12/2020,15
Retail,6/12/2020,210
Retail,6/12/2020,583
Retail,6/12/2020,445
Retail,6/12/2020,50
Retail,6/12/2020,70
Wholesale,6/12/2020,200
Retail,6/12/2020,10
Retail,6/12/2020,515
Retail,6/12/2020,20
Retail,6/12/2020,500
Retail,6/12/2020,2020
Retail,6/12/2020,300
Retail,6/12/2020,1000
Retail,6/12/2020,1000
Wholesale,6/12/2020,1000
Retail,6/12/2020,80
Retail,6/12/2020,590
Retail,6/12/2020,25
Retail,6/12/2020,50
Retail,6/12/2020,100
Retail,6/12/2020,20
Retail,6/12/2020,5010
Retail,6/12/2020,610
Retail,6/12/2020,105
Retail,6/12/2020,10
Retail,6/12/2020,1000
Retail,6/12/2020,20
Retail,6/12/2020,100
Retail,6/12/2020,20
Retail,6/12/2020,505
Retail,6/12/2020,200
Retail,6/12/2020,1020
Retail,6/12/2020,500
Retail,6/12/2020,1200
Retail,6/12/2020,80
Retail,6/12/2020,55
Retail,6/12/2020,570
Retail,6/12/2020,870
Retail,6/12/2020,100
Retail,6/12/2020,720
Wholesale,6/12/2020,5000
Retail,6/12/2020,460
Retail,6/12/2020,300
Retail,6/12/2020,21
Retail,6/12/2020,2500
Wholesale,6/12/2020,265
Retail,6/12/2020,85
Retail,6/12/2020,8
Retail,6/12/2020,1000
Retail,6/12/2020,120
Retail,6/12/2020,100
Retail,6/12/2020,520
Retail,6/12/2020,520
Retail,6/12/2020,800
Retail,6/12/2020,1000
Retail,6/12/2020,500
Retail,6/12/2020,100
Retail,6/12/2020,500
Retail,6/12/2020,613
Retail,6/12/2020,25
Retail,6/12/2020,25
Retail,6/12/2020,1205
Retail,6/12/2020,228
Retail,6/12/2020,413
Retail,6/12/2020,368
Retail,6/12/2020,516
Retail,6/12/2020,100
Retail,6/12/2020,1000
Retail,6/12/2020,1020
Retail,6/12/2020,1225
Wholesale,6/12/2020,1000
Retail,6/12/2020,1000
Retail,6/12/2020,90
Retail,6/12/2020,60
Retail,6/12/2020,250
Retail,6/12/2020,1000
Retail,6/12/2020,1000
Retail,6/12/2020,510
Retail,6/12/2020,1000
Retail,6/12/2020,50
Retail,6/12/2020,1000
Retail,6/12/2020,1010
Retail,6/12/2020,200
Retail,6/12/2020,200
Retail,6/12/2020,5
Retail,6/12/2020,50
Retail,6/12/2020,50
Retail,6/12/2020,100
Retail,6/12/2020,250
Retail,6/12/2020,1150
Retail,6/12/2020,34
Retail,6/12/2020,30
Retail,6/12/2020,230
Retail,6/13/2020,120
Retail,6/13/2020,5
Retail,6/13/2020,75
Retail,6/13/2020,20
Retail,6/13/2020,130
Retail,6/13/2020,60
Retail,6/13/2020,100
Retail,6/13/2020,150
Wholesale,6/13/2020,2140
Retail,6/13/2020,50
Retail,6/13/2020,18
Retail,6/13/2020,400
Retail,6/13/2020,49
Retail,6/13/2020,100
Retail,6/13/2020,85
Retail,6/13/2020,50
Retail,6/13/2020,200
Retail,6/13/2020,20
Retail,6/13/2020,1025
Retail,6/13/2020,800
Retail,6/13/2020,150
Retail,6/13/2020,500
Retail,6/13/2020,20
Retail,6/13/2020,1000
Wholesale,6/13/2020,1000
Retail,6/13/2020,500
Retail,6/13/2020,1100
Wholesale,6/13/2020,7000
Retail,6/13/2020,50
Retail,6/13/2020,43
Retail,6/13/2020,70
Retail,6/13/2020,264
Retail,6/13/2020,50
Retail,6/13/2020,150
Retail,6/13/2020,300
Retail,6/13/2020,1000
Retail,6/13/2020,80
RetailVisaCredit,6/13/2020,550.8
Retail,6/13/2020,45
Retail,6/13/2020,190
Retail,6/13/2020,50
Retail,6/13/2020,5000
Retail,6/13/2020,100
Retail,6/13/2020,500
Retail,6/13/2020,10
Retail,6/13/2020,20
Retail,6/13/2020,45
Retail,6/13/2020,1500
Retail,6/13/2020,260
Wholesale,6/13/2020,1500
Retail,6/13/2020,615
Retail,6/13/2020,70
Retail,6/13/2020,200
Retail,6/13/2020,100
Retail,6/13/2020,1000
Retail,6/13/2020,1000
Retail,6/13/2020,2000
Retail,6/13/2020,1100
Retail,6/13/2020,525
Retail,6/13/2020,1405
Retail,6/13/2020,30
Retail,6/13/2020,500
Retail,6/13/2020,1025
Retail,6/13/2020,10000
Retail,6/13/2020,135
Retail,6/13/2020,5
Retail,6/13/2020,500
Retail,6/13/2020,315
Retail,6/13/2020,1500
Retail,6/13/2020,500
Retail,6/13/2020,400
Retail,6/13/2020,1000
Retail,6/13/2020,100
Retail,6/13/2020,100
Retail,6/13/2020,5000
Retail,6/13/2020,1025
Retail,6/13/2020,34
Retail,6/13/2020,1500
Retail,6/13/2020,500
Retail,6/13/2020,1000
Retail,6/13/2020,220
Retail,6/13/2020,55
Wholesale,6/13/2020,1050
Retail,6/13/2020,2000
Retail,6/13/2020,100
Wholesale,6/13/2020,675.5
Retail,6/13/2020,40
Retail,6/13/2020,100
Retail,6/13/2020,150
Retail,6/13/2020,255
Wholesale,6/13/2020,1650
Retail,6/13/2020,4
Retail,6/13/2020,300
Retail,6/13/2020,120
Retail,6/13/2020,200
Retail,6/13/2020,500
Wholesale,6/13/2020,2000
Retail,6/13/2020,1000
Retail,6/13/2020,150
Retail,6/13/2020,370
Retail,6/13/2020,50
Retail,6/13/2020,90
Retail,6/13/2020,45
Retail,6/13/2020,50
Retail,6/13/2020,2000
Retail,6/13/2020,150
Retail,6/13/2020,100
Retail,6/13/2020,1000
Retail,6/13/2020,100
Retail,6/13/2020,50
Retail,6/13/2020,50
Retail,6/13/2020,104
Retail,6/13/2020,500
RetailReturn,6/13/2020,345
Retail,6/13/2020,630
Retail,6/13/2020,86
Retail,6/13/2020,500
Retail,6/13/2020,100
Retail,6/13/2020,10
Retail,6/13/2020,500
Retail,6/13/2020,1100
Retail,6/14/2020,310
Retail,6/14/2020,50
Retail,6/14/2020,100
Retail,6/14/2020,200
Retail,6/14/2020,115
Retail,6/14/2020,100
Retail,6/14/2020,100
Retail,6/14/2020,90
Retail,6/14/2020,1000
Retail,6/14/2020,5
Retail,6/14/2020,5000
Retail,6/14/2020,470
Retail,6/14/2020,1000
Retail,6/14/2020,765
Retail,6/14/2020,150
Wholesale,6/14/2020,110
Retail,6/14/2020,90
Retail,6/14/2020,500
Retail,6/14/2020,65
Retail,6/14/2020,10
Retail,6/14/2020,100
Retail,6/14/2020,520
Retail,6/14/2020,1000
Retail,6/14/2020,270
Retail,6/14/2020,500
Retail,6/14/2020,340
Retail,6/14/2020,135
Retail,6/14/2020,1000
Retail,6/14/2020,228
Retail,6/14/2020,1790
Retail,6/14/2020,10
Retail,6/14/2020,200
Retail,6/14/2020,1020
Retail,6/14/2020,50
Retail,6/14/2020,2000
Retail,6/14/2020,1100
Retail,6/14/2020,100
Retail,6/14/2020,30
Retail,6/14/2020,230
Retail,6/14/2020,10
Retail,6/14/2020,50
Retail,6/14/2020,1000
Retail,6/14/2020,315
Retail,6/14/2020,80
Retail,6/14/2020,200
Wholesale,6/14/2020,110
Retail,6/14/2020,1055
Retail,6/14/2020,15
Retail,6/14/2020,100
Retail,6/14/2020,200
Retail,6/14/2020,200
Retail,6/14/2020,670
Retail,6/14/2020,160
Retail,6/14/2020,1000
Wholesale,6/14/2020,1000
Retail,6/14/2020,50
Wholesale,6/14/2020,50
Retail,6/14/2020,500
Retail,6/14/2020,3
Retail,6/14/2020,5000
Retail,6/14/2020,50
Retail,6/14/2020,1170
Retail,6/14/2020,100
Retail,6/14/2020,50
Retail,6/14/2020,240
Retail,6/14/2020,283
Retail,6/14/2020,1000
Retail,6/14/2020,100
Retail,6/14/2020,1000
Retail,6/14/2020,1000
Retail,6/14/2020,1000
Retail,6/14/2020,1000
Retail,6/14/2020,3
Retail,6/14/2020,722
Retail,6/14/2020,245
Retail,6/14/2020,335
Retail,6/14/2020,500
Retail,6/14/2020,400
Retail,6/14/2020,5000
Retail,6/14/2020,1000
Retail,6/14/2020,1005
Retail,6/14/2020,160
Retail,6/14/2020,75
Retail,6/14/2020,100
Retail,6/14/2020,100
Retail,6/14/2020,100
Retail,6/14/2020,20
Retail,6/14/2020,50
Retail,6/14/2020,60
Retail,6/14/2020,100
Retail,6/14/2020,250
Retail,6/14/2020,1000
Retail,6/14/2020,700
Retail,6/14/2020,120
Retail,6/14/2020,630
Retail,6/14/2020,100
Retail,6/14/2020,1000
Retail,6/14/2020,490
Retail,6/14/2020,32
Retail,6/14/2020,500
Retail,6/14/2020,4
Retail,6/14/2020,200
Wholesale,6/14/2020,3200
Retail,6/14/2020,50
Retail,6/14/2020,1300
Retail,6/14/2020,1305
Retail,6/14/2020,120
Retail,6/14/2020,250
Retail,6/14/2020,350
Retail,6/14/2020,100
Retail,6/14/2020,50
Retail,6/14/2020,100
Retail,6/14/2020,50
Retail,6/14/2020,500
Retail,6/14/2020,1000
Retail,6/14/2020,5000
Retail,6/14/2020,125
Retail,6/14/2020,50
Retail,6/15/2020,100
Retail,6/15/2020,50
Retail,6/15/2020,100
Retail,6/15/2020,1500
Retail,6/15/2020,95
Retail,6/15/2020,25
Retail,6/15/2020,20
Retail,6/15/2020,1100
Retail,6/15/2020,1000
Retail,6/15/2020,200
Retail,6/15/2020,10
Retail,6/15/2020,50
Retail,6/15/2020,500
Retail,6/15/2020,20
Retail,6/15/2020,70
Retail,6/15/2020,50
Retail,6/15/2020,10
Retail,6/15/2020,700
Retail,6/15/2020,200
Retail,6/15/2020,100
Retail,6/15/2020,904
Retail,6/15/2020,50
Retail,6/15/2020,540
Retail,6/15/2020,500
Retail,6/15/2020,100
Retail,6/15/2020,60
Retail,6/15/2020,300
Retail,6/15/2020,500
Retail,6/15/2020,1000
Retail,6/15/2020,208.5
Wholesale,6/15/2020,1020
Retail,6/15/2020,135
Retail,6/15/2020,70
Retail,6/15/2020,245
Retail,6/15/2020,30
Retail,6/15/2020,100
Retail,6/15/2020,30
Retail,6/15/2020,550
Retail,6/15/2020,50
Retail,6/15/2020,100
Retail,6/15/2020,20
Retail,6/15/2020,5000
Retail,6/15/2020,120
Retail,6/15/2020,525
Retail,6/15/2020,500
Retail,6/15/2020,106
Retail,6/15/2020,20
Retail,6/15/2020,1502
Retail,6/15/2020,2010
Retail,6/15/2020,255
Retail,6/15/2020,1000
Retail,6/15/2020,120
Retail,6/15/2020,200
Retail,6/15/2020,145
Retail,6/15/2020,8
Retail,6/15/2020,350
Retail,6/15/2020,1570
Retail,6/15/2020,400
Retail,6/15/2020,100
Retail,6/15/2020,40
Retail,6/15/2020,500
Retail,6/15/2020,50
Retail,6/15/2020,120
Retail,6/15/2020,298
Retail,6/15/2020,340
Retail,6/15/2020,148
Retail,6/15/2020,150
Retail,6/15/2020,25
Retail,6/15/2020,4000
Retail,6/15/2020,8
Retail,6/15/2020,185
Retail,6/15/2020,40
Retail,6/15/2020,730
Retail,6/15/2020,215
Retail,6/15/2020,650
Retail,6/15/2020,30
Retail,6/15/2020,100
Retail,6/15/2020,1000
Retail,6/15/2020,235
Retail,6/15/2020,1000
Retail,6/15/2020,1000
QuotationCheque,6/15/2020,95632
Retail,6/15/2020,50
Retail,6/15/2020,250
Retail,6/15/2020,20
Retail,6/15/2020,300
Retail,6/15/2020,1000
Retail,6/15/2020,120
Retail,6/15/2020,150
Retail,6/15/2020,1050
Retail,6/15/2020,1000
Retail,6/15/2020,580
Retail,6/15/2020,500
Retail,6/15/2020,1020
Retail,6/15/2020,25
Retail,6/15/2020,264
Retail,6/15/2020,40
RetailVisaCredit,6/15/2020,2756.04
Retail,6/15/2020,45
Retail,6/15/2020,150
Retail,6/15/2020,180
Retail,6/15/2020,519
Retail,6/15/2020,2000
Retail,6/15/2020,120
Retail,6/15/2020,50
Retail,6/15/2020,60
Retail,6/15/2020,1015
Retail,6/15/2020,100
Retail,6/15/2020,48
Retail,6/15/2020,69.5
Retail,6/15/2020,1000
Retail,6/15/2020,320
Retail,6/15/2020,500
Retail,6/15/2020,99
Retail,6/15/2020,140
Retail,6/15/2020,500
Retail,6/15/2020,60
Retail,6/15/2020,450
Retail,6/15/2020,100
Retail,6/15/2020,395
Retail,6/15/2020,140
Retail,6/15/2020,500
Retail,6/15/2020,1000
Retail,6/15/2020,1000
Retail,6/15/2020,600
Retail,6/15/2020,100
Retail,6/15/2020,345
Retail,6/15/2020,1110
Retail,6/15/2020,200
Retail,6/15/2020,155
Retail,6/15/2020,5
RetailReturn,6/15/2020,255
Retail,6/15/2020,250
Retail,6/15/2020,500
Retail,6/15/2020,100
Retail,6/15/2020,10
Retail,6/15/2020,500
QuotationCheque,6/15/2020,129966.6
Retail,6/15/2020,1500
Retail,6/15/2020,350
Retail,6/15/2020,135
Retail,6/15/2020,10
Retail,6/15/2020,160
Retail,6/15/2020,100
Retail,6/15/2020,500
Wholesale,6/15/2020,576
Retail,6/15/2020,100
Wholesale,6/15/2020,1364
Retail,6/15/2020,10
Retail,6/15/2020,50
Retail,6/15/2020,25
Retail,6/15/2020,9
Retail,6/15/2020,10
Retail,6/15/2020,10
Retail,6/15/2020,6
Retail,6/15/2020,49
Retail,6/15/2020,20
RetailReturn,6/15/2020,220
Retail,6/15/2020,350
Retail,6/15/2020,5000
Retail,6/15/2020,45
Retail,6/15/2020,1000
Retail,6/15/2020,1005
Retail,6/15/2020,100
Retail,6/15/2020,105
Retail,6/15/2020,500
,,
,,
,,
,,
,,
